id,m_weapon_type_id,name,attack,element,rarity
1,1,ソフォスブレイド,320,100,1
2,1,エルトライトソード,360,100,1
3,1,断骨大剣,360,100,1
4,1,殻剣アカキカギツメ,320,100,1
5,1,咬剣【凄蒼牙】,330,100,1
6,1,咬剣【金剛牙】,320,240,1
7,1,咬剣【咆黄蛇】,290,270,1
8,1,咬剣【闘紫牙】,340,260,1
9,1,沫斬ドロスボーン,330,100,1
10,1,ユアガリブレイド,350,100,1
11,1,さびた大剣,100,100,1
12,1,バスターファルクス,340,100,2
13,1,ダイオオアギト,320,100,2
14,1,バスティアン,350,100,2
15,1,バフォムブラッド,290,210,2
16,1,リモセイバー【極長】,320,100,2
17,1,咬剣【大蛇頭】,300,260,2
18,1,ザンシュトウ【金鶏】,330,210,2
19,1,白兎雪断シャーロット,310,240,2
20,1,武骨包丁【蛙裂】,350,100,2
21,1,ギガンテスシザー,330,100,2
22,1,水斬カタラクドロス,330,220,2
23,1,睡鎌大公デプスレプト,310,280,2
24,1,フル・フルミナント,310,230,2
25,1,レマルゴルゴーン,330,220,2
26,1,キリサキマクリ,340,100,2
27,1,メジェド・スクラーガ,310,270,2
28,1,無明大剣【苦諦】,290,100,2
29,1,ヴォルガヴァーチ,310,290,2
30,1,瞬間レイトウ本マグロ,270,240,2
31,1,大毒断マッシュロード,350,260,2
32,1,マゼコゼータ・ミィ,340,100,2
33,1,至宝剣レムリア,280,100,2
34,1,エテル＝ジュラスク,330,100,3
35,1,ブレイドオブラース,340,100,3
36,1,トーメンター,370,100,3
37,1,剛断剣タルタロス,330,100,3
38,1,セイリュウトウ【凶】,320,100,3
39,1,グレンウォルゼニス,360,100,3
40,1,ハイジークリンデ,330,260,3
41,1,ドクトリン,320,100,3
42,1,焔剣リオレウス,330,210,3
43,1,エクスラギアブレイド,310,230,3
44,1,真・王牙大剣【一天】,310,230,3
45,1,あかねさす紫微両断剣,310,220,3
46,1,霆剣ライゼクス,290,230,3
47,1,頭刃叉ァーンMAX,340,240,3
48,1,大斬剣アールノヴァ,320,210,3
49,1,プライドofドゥーム,320,250,3
50,1,乱叛断刀アルザバル,310,100,3
51,1,轟大剣【大王虎】,340,100,3
52,1,召雷剣【麒麟帝】,280,230,3
53,1,爆大剣エクスブリード,340,290,3
54,1,THEオリジン,270,250,3
55,1,ダオラ＝ディグリベグ,310,240,3
56,1,イズトリヴァムシール,290,260,3
57,1,白骸巨剣コルレオニス,380,250,3
58,1,アロエレガンテ,280,280,3
59,1,キューキョクブレイド,340,100,3
60,1,ユクモ大霊剣【霽月】,340,100,3
61,1,ミラブレイド,340,250,3
62,1,エターナルグリフ,310,250,3
63,1,エクセルブレイズ,340,100,4
64,1,クロームヘル,310,260,4
65,1,アセンション,370,100,4
66,1,ジャラーシュナイダー,340,220,4
67,1,瀑刃剣ガノトトス,310,220,4
68,1,キングオブキャット,270,270,4
69,1,少し風化した大剣,380,100,4
70,1,ピリーチレジスカ,330,100,4
71,1,ボルボプレッシャー,370,100,4
72,1,影断ネル＝カトラ,280,260,4
73,1,マーティアー,350,100,5
74,1,テンリュウノアギト,340,100,5
75,1,ジャラーブレイド,280,220,5
76,1,蝦蟇の大包丁【荒肝】,360,100,5
77,1,火砕断絶刃,310,210,5
78,1,暴雪剣グレツァタギオ,280,240,5
79,1,沙刃剣ガレオガノス,360,220,6
80,1,黒狼偃月刀【玄】,310,100,6
81,1,ハイジークムント,340,100,6
82,1,豪雷迅剣ラギアクルス,340,230,6
83,1,叛断ノ覇刀レギオン,290,100,6
84,1,砕巌大剣ディオホコリ,320,290,6
85,1,大鬼金棒【温羅】,310,230,6
86,1,ネロ＝アングイッシュ,320,250,6
87,1,大番傘【緋雨】,330,100,6
88,1,サイキョーブレイド,330,100,6
89,1,エピタフニオティタ,320,250,6
90,1,剛角剣ディアブロス,350,100,6
91,1,龍識究斬ヴァルカル,300,100,6
92,1,真・天狐大剣,310,230,6
93,1,キャプテンＪカリバー,330,100,6
94,1,アモンの剣XX,300,210,6
95,1,仁剣【創面】,390,100,6
96,1,ＧXXブレイド,360,100,6
97,1,テスカ・デル・ソル,300,290,7
98,1,輝煌剣リオレウス,300,210,7
99,1,鬼神金砕棒【怒髪猿】,300,230,7
100,1,咎剣アビルディング,290,250,7
101,1,覇神剣イクセエムカム,370,100,7
102,1,崩界剣エンテカムノミ,360,240,7
103,1,太虚ノ剣【渾天】,360,220,7
104,1,極星恐剣ガルガロア,310,250,7
105,1,神滅大剣アル・レボア,280,250,7
106,1,赫醒大剣バルハーリィ,300,250,7
107,1,フィロゾフブレイド,320,100,8
108,1,スキュラミアシゾー,270,280,8
109,1,マゼコゼータ・ピリリ,330,270,8
110,1,オーリオ,310,100,9
111,1,海帝剣エクスカリウス,310,220,9
112,1,島津豊久の刀,360,100,9
113,1,極・牙狼剣,320,210,9
114,1,オリジンorエンド,330,250,10
115,1,砕光撃重剣ジェブラク,290,290,10
116,1,封龍剣【滅一門】,270,250,10
117,1,真名ネブタジェセル,330,100,10
118,1,ミラバルカンシア,260,290,10
119,1,ミラアンセスシア,300,250,10
120,1,黒兎雪断プリンシパル,310,240,X
121,1,ウィルギガントシザー,340,220,X
122,1,ジークリンデエピネ,290,260,X
123,1,鬼包丁唐草【竜裂】,340,100,X
124,1,曙光大剣【凄風】,300,100,X
125,1,ウォルデアマンテ,380,100,X
126,1,隻眼偃月刀【災】,320,100,X
127,1,黒炎王剣リオレウス,300,210,X
128,1,極・金狼牙大剣【閃】,290,230,X
129,1,荒鉤爪大剣REX,310,100,X
130,1,真滅剣アールノヴァ,300,290,X
131,1,朧鎌大侯ゲンスレプト,330,280,X
132,1,鎧裂大剣ドキリサキ,330,100,X
133,1,もみじばの丹朱漸染剣,320,220,X
134,1,青電主剣ライゼクス,280,230,X
135,1,頭刃叉王の大切断,370,240,X
136,1,鏖大剣ヴラディス,370,100,X
137,2,ソフォスサーベル,320,100,1
138,2,鉄刀【禊祓】,360,100,1
139,2,大顎刃バイティン,340,100,1
140,2,巨大骨,370,100,1
141,2,ダークインザダーク,360,100,1
142,2,大ガウシ刀【鹿鳴】,340,100,1
143,2,アルマバンディット,330,100,1
144,2,白猿大薙【武乱豪】,320,240,1
145,2,青熊長筆【鮭獣戯画】,350,100,1
146,2,ユアガリノダチ,350,100,1
147,2,無双の骨刀,350,100,2
148,2,鬼神斬破刀,300,230,2
149,2,六花垂氷丸【瑞雪】,330,240,2
150,2,怨毒の大鎌威太刀,330,260,2
151,2,黒刀【参ノ型】,280,100,2
152,2,白兎棘刃イナバ,340,240,2
153,2,鋸斬り匕首【直参】,350,100,2
154,2,ギガンテスカッター,320,100,2
155,2,ヴァッサーファロス,320,220,2
156,2,白猿薙【ドドドド】,310,240,2
157,2,ヒキサキマクリ,340,100,2
158,2,コイルドラックネイル,300,270,2
159,2,無明刀【空諦】,290,100,2
160,2,セフィーロ,300,210,2
161,2,キングビートセイバー,280,290,2
162,2,オメガニャイフ・熟成,290,100,2
163,2,大雲羊鹿杖【夢破】,290,100,2
164,2,エテル＝カリミア,330,100,3
165,2,護皇刀ゾリドマウア,330,100,3
166,2,ダイトウ【凶】,320,260,3
167,2,グレンフォークゼニス,360,100,3
168,2,真飛竜刀【翠緑】,290,260,3
169,2,真飛竜刀【丹朱】,340,210,3
170,2,ラストエクディシス,320,100,3
171,2,神雷斬破刀・真打,300,230,3
172,2,真・王牙刀【天威】,320,230,3
173,2,たまのをの絶佳麗斬刀,310,220,3
174,2,真飛竜刀【アレクス】,290,230,3
175,2,肢ュ刃ッッッMAX,340,240,3
176,2,大斬刀ヘイズノヴァ,320,210,3
177,2,スティールofジャッジ,320,250,3
178,2,乱叛刃アルナジト,310,100,3
179,2,轟刀【餓虎】,340,100,3
180,2,爆刀エクスグレイド,340,290,3
181,2,THEディカローグ,280,250,3
182,2,エスペイズム,320,100,3
183,2,炎帝王刀【蜃気楼】,290,290,3
184,2,白骸虐刀アルレシャ,380,250,3
185,2,特鮮太刀ウオノカミ,290,220,3
186,2,災禍鎌ダルクナロス,290,250,3
187,2,霊刀ユクモ・湯一文字,340,100,3
188,2,ミラドレパノン,320,250,3
189,2,気炎の太刀【万丈】,280,210,3
190,2,刀鋸【雷斬】,340,230,4
191,2,骨断刀【カゲタチ】,330,100,4
192,2,シャルトゥリス,330,220,4
193,2,瀑水鎌ガノスハケティ,330,220,4
194,2,ヴォルガ熔炎斬,340,210,4
195,2,少し風化した太刀,380,100,4
196,2,マカル＝バサル,330,210,4
197,2,影斬ネル＝ジーズ,240,280,4
198,2,妖刀・鬼怨斬首刀,320,230,5
199,2,深雪一文字【幻日】,290,240,5
200,2,アルズオブマーレ,300,220,5
201,2,双奇薙シャルバラル,300,220,5
202,2,鬼蝦蟇の懐刀【最上】,360,100,5
203,2,エグリヒキサキマクリ,330,100,5
204,2,パラコイルドエッジ,260,270,5
205,2,真飛竜刀【双獄炎】,300,210,5
206,2,琥牙刃ジャリドファル,290,240,5
207,2,黒狼大刀【玄】,290,260,6
208,2,フラムプリンシパル,290,210,6
209,2,叛断ノ覇刃レギオン,290,100,6
210,2,嶺薙ワイルドグロウト,340,100,6
211,2,砕巌刀ホムラ,320,290,6
212,2,大鬼薙刀【羅刹】,330,230,6
213,2,ネロ＝カラミティ,310,250,6
214,2,業物・九十九牙丸,290,220,6
215,2,斬老刀【カンヤライ】,320,210,6
216,2,アニマメモリア,290,250,6
217,2,龍識究刀ノニアス,300,100,6
218,2,真・空狐刀,300,290,6
219,2,極・電撃刀,300,230,6
220,2,海賊王Ｊソード,320,100,6
221,2,インフィニティゲート,310,100,6
222,2,審判の翼XX,290,250,6
223,2,MH部激熱血指導竹刀,330,100,6
224,2,ダオラ＝ストーム,310,240,7
225,2,真飛竜刀【純銀】,320,210,7
226,2,鬼神大薙刀【怒修羅】,320,230,7
227,2,咎刀デリトスレイヴ,300,250,7
228,2,覇威刀イクセタンカム,370,100,7
229,2,崩界刀ウコトカムノミ,360,240,7
230,2,太虚ノ刀【九天】,340,220,7
231,2,極星戦刀リグガロア,310,250,7
232,2,神滅爪アル・ファリア,290,250,7
233,2,赫醒刀【閃武】,300,250,7
234,2,フィロゾフサーベル,320,100,8
235,2,ボレアース,260,210,8
236,2,ボスオブボスズ,330,100,8
237,2,ハイオプティマス,220,280,8
238,2,パラミニャイフ・凝縮,280,270,8
239,2,ガオウ・バルグリオ,290,230,9
240,2,星霊刀ウラノメトリア,290,290,9
241,2,カオスorロウ,320,250,10
242,2,砕光暁眩刀ジャブラク,300,290,10
243,2,龍刀【火焔】,300,250,10
244,2,真名メルセゲル,330,100,10
245,2,ミラバルカンフォリア,260,290,10
246,2,ミラアンセスフォリア,300,230,10
247,2,紅熊長筆【百蜜夜行】,350,100,X
248,2,黒兎棘刃ヘフナー,310,240,X
249,2,ウィルギガンカッター,340,220,X
250,2,渦紋鬼懐刀【下剋上】,340,100,X
251,2,曙光刀【業風】,300,100,X
252,2,フォークデアマンテ,380,100,X
253,2,隻眼大刀【災】,290,260,X
254,2,真飛竜刀【玄冥】,310,210,X
255,2,極・金狼牙刀【奔】,300,230,X
256,2,荒鉤爪刀GULP,310,100,X
257,2,真滅刀ヴァンダノヴァ,300,290,X
258,2,朧翔大侯ゲンタヒルン,330,280,X
259,2,鎧裂鎌ドヒキサキ,330,100,X
260,2,たまきはる露命滅斬刀,310,220,X
261,2,真飛竜刀【アルミナ】,280,230,X
262,2,肢ュ刃王の大上段,370,240,X
263,3,ソフォスソード,320,100,1
264,3,一徹なる闘士の剣,360,100,1
265,3,キングククリ,360,100,1
266,3,断骨のタバール,360,100,1
267,3,セクトドス,310,100,1
268,3,エリートダガー,340,100,1
269,3,ガラノサーペント,350,100,1
270,3,アスプロスネーク,340,240,1
271,3,デスレストレイン,300,270,1
272,3,リーサルポイズン,300,260,1
273,3,猪突猛進剣【愚直】,340,100,1
274,3,沫刻ドロンギア,330,100,1
275,3,ドスハルトファング,340,100,1
276,3,ユアガリハチェット,350,100,1
277,3,さびた片手剣,100,100,1
278,3,マスターカリンガ,340,100,2
279,3,スパイナルピック,340,100,2
280,3,アヴァイシュドゼロ,310,240,2
281,3,セクトドスベルデ,290,270,2
282,3,セクトドスルージュ,290,210,2
283,3,重嘴剣ビッグビーク,350,210,2
284,3,ポイズンタバルカヌス,320,260,2
285,3,インドラ,350,230,2
286,3,水刻ロアルドロス,290,220,2
287,3,夢扇大公シュラフモル,300,280,2
288,3,ドレッドフルレイザー,320,230,2
289,3,デュアルクルスタツォ,310,220,2
290,3,パラスパイクロンド,310,270,2
291,3,無明刃【道諦】,300,100,2
292,3,マインカルコス,310,240,2
293,3,超にゃんにゃんぼう,280,270,2
294,3,千年包丁,320,100,2
295,3,戦輪刀ジャロジャロ,300,100,2
296,3,安眠熟睡ムーフォーン,260,280,2
297,3,至宝錫イス,280,100,2
298,3,エテル＝クレテシア,330,100,3
299,3,バング・バングス,320,100,3
300,3,ツルギ【凶】,310,100,3
301,3,頑剣ギレオム,360,100,3
302,3,クラリチェレイピア,310,260,3
303,3,ハイイフリート,340,210,3
304,3,エクスラギアソード,300,230,3
305,3,真・王牙剣【天賦】,320,230,3
306,3,くれなゐの色天薫風扇,310,220,3
307,3,アスタロフィレイピア,290,230,3
308,3,牙牙牙我通ンMAX,340,240,3
309,3,大斬閃カシオヴァ,320,210,3
310,3,アンクofシーカー,320,250,3
311,3,乱叛牙アルファルド,310,100,3
312,3,轟剣【大虎眼】,340,100,3
313,3,雷神至宝剣キリン,250,230,3
314,3,爆剣エクスサーモ,340,290,3
315,3,THEシャロック,280,250,3
316,3,ミストラル＝ダオラ,310,240,3
317,3,白骸鬼角アッダバラン,380,250,3
318,3,百花繚乱フロラシオン,300,290,3
319,3,キューキョクソード,330,100,3
320,3,ユクモ霊山刀【神寿】,340,100,3
321,3,黒龍剣,290,250,3
322,3,レジェンドブレイド,290,100,3
323,3,破龍剣【邪絶一門】,250,250,3
324,3,アガメムノン,330,220,4
325,3,シャイングラディウス,350,220,4
326,3,シャードグラブリエ,350,240,4
327,3,少し風化した片手剣,380,100,4
328,3,削岩剣ボルボルボ,360,100,4
329,3,影刻ネル＝ナクシュ,270,280,4
330,3,ジェロアクザル,330,240,5
331,3,ハイガノスショテル,250,280,5
332,3,マスターオブメラルー,250,270,5
333,3,極・煌竜剣,360,100,5
334,3,ネヴァイヴェント,290,240,5
335,3,炎神剣アグニ,330,210,5
336,3,両聖剣グランドクロス,310,220,6
337,3,ソルズコア,290,210,6
338,3,豪雷迅剣ミカツチ,340,230,6
339,3,叛断ノ覇牙レギオン,290,100,6
340,3,嶺刻ブルトカロデナ,340,100,6
341,3,砕巌剣デストルクジオ,310,290,6
342,3,金獣棍【禁呪】,330,230,6
343,3,極・封龍宝剣,290,250,6
344,3,マスターオブニンジャ,320,100,6
345,3,祀導神器【封解】,200,250,6
346,3,バンジンキョウフ,350,100,6
347,3,龍識究剣ルペオパス,300,100,6
348,3,極・電撃剣,290,230,6
349,3,雷剣コロX3ドライト,330,230,6
350,3,インフィニティソード,300,240,6
351,3,マスターソードG,300,100,6
352,3,真・神剣ファルシオン,290,250,6
353,3,テスカ・デル・メダリ,290,290,7
354,3,月狂花の金荊剣,290,260,7
355,3,ゴールドヴァリオトス,310,210,7
356,3,鬼神大激棍グランジャ,300,230,7
357,3,覇巧剣イクセマキカム,370,100,7
358,3,崩界鉈キクキカムノミ,370,240,7
359,3,太虚ノ宝【天壌】,340,220,7
360,3,極星憤刃ギリガロア,310,250,7
361,3,神滅剣アル・ゾディア,280,250,7
362,3,赫醒剣アルゴルク,300,250,7
363,3,フィロゾフソード,320,100,8
364,3,ブラッドサッカー,350,100,8
365,3,蒼蛇剣ドストライク,330,100,8
366,3,ブラッディスローター,300,260,8
367,3,琥牙剣グラキエス,350,240,9
368,3,ラヴィリインシニア,300,290,9
369,3,信の天稟剣,320,100,9
370,3,ライズorトゥルー,330,250,10
371,3,夜明けのソルナ,300,210,10
372,3,砕光恒鋭剣チェブラク,300,290,10
373,3,真名ウンネフェル,330,100,10
374,3,真・黒滅龍剣【大禍】,330,290,10
375,3,真・祖龍霊剣【不還】,300,250,10
376,3,レギーナレイピアベネ,290,260,X
377,3,鬼濤十手【同心】,340,100,X
378,3,曙光刃【陣風】,300,100,X
379,3,クラッシュデアマンテ,380,100,X
380,3,隻眼剣【災】,320,100,X
381,3,シンヴァルツマロウ,310,210,X
382,3,極・金狼牙剣【凌】,300,230,X
383,3,荒鉤爪剣CLAW,310,100,X
384,3,真滅閃カシオヴァ,300,290,X
385,3,朧扇大侯ゲンシュラフ,330,280,X
386,3,鎧裂剣ドカキキリ,330,100,X
387,3,さにつらう色法忌風扇,320,220,X
388,3,ジルヴォルトレイピア,280,230,X
389,3,牙牙我王の大回転,380,240,X
390,3,鏖剣クリスタ,370,100,X
391,4,ソフォスダガー,320,100,1
392,4,デスパレートデュエル,360,100,1
393,4,コマンダーシックル,370,100,1
394,4,インセクトクリーガー,360,100,1
395,4,アクトゥスマクロ,330,100,1
396,4,鉤裂きハイランポス,340,100,1
397,4,青熊双鉞【大江山】,350,100,1
398,4,ユアガリスライサー,350,100,1
399,4,スーパーセル,330,100,2
400,4,爪骨双タロンジェミニ,330,100,2
401,4,終告の双鋸,320,230,2
402,4,怪双刃クッククック,350,210,2
403,4,グライゴルゴネイオン,330,240,2
404,4,ラヴィナサスペンディ,320,240,2
405,4,ツヴァイタバルジン,300,260,2
406,4,甲角重剣モノロード,330,100,2
407,4,水裂ドロスドロス,330,220,2
408,4,血風傷刃フルスカード,310,270,2
409,4,剛撲双剣ハプルボッカ,330,220,2
410,4,ヤツザキマクリ,330,100,2
411,4,無明連刃【真諦】,300,100,2
412,4,旨双剣ムースアブール,290,100,2
413,4,ぽかぽかポッケミトン,290,240,2
414,4,荒ぶる風翔ガルグエル,370,100,2
415,4,エテル＝ペルミア,330,100,3
416,4,デュアルフラシスク,370,100,3
417,4,セイントエスパーダ,330,220,3
418,4,焔刃オルファイア,350,210,3
419,4,テッセン【凶】,340,100,3
420,4,双焔刃リュウノツガイ,340,210,3
421,4,豪雷双剣ツインクルス,300,230,3
422,4,真・王牙双刃【天業】,320,230,3
423,4,つるぎたち斎女舞奉双,310,220,3
424,4,双電刃ココウノリュウ,290,230,3
425,4,斬苦斬ク狩刃バMAX,340,240,3
426,4,大斬双刃タンゼルヴァ,320,210,3
427,4,クロウofキャリアー,320,250,3
428,4,乱叛爪アルギエバ,320,100,3
429,4,轟爪【大虎血】,340,100,3
430,4,双雷宝剣【麒麟児】,290,230,3
431,4,爆双剣エクスクラス,340,290,3
432,4,THEシャングリラ,280,250,3
433,4,霞双剣オオナズチ,320,260,3
434,4,氷炎魔剣ヴィルマクス,290,240,3
435,4,白骸凶双剣カストル,380,250,3
436,4,双顎剣ギラロワーガ,310,250,3
437,4,狩団子【白玉】饌,270,100,3
438,4,酔いつぶれビーア,250,280,3
439,4,イストリアレコルダ,320,290,3
440,4,国士無双刃ユクモノ舞,340,100,3
441,4,黒龍双刃,330,250,3
442,4,デュアルレジェンダリ,290,100,3
443,4,テュポン,320,100,4
444,4,グレイス＝クオーレ,330,240,4
445,4,エスピラールトルクル,360,220,4
446,4,ウルクスグランディネ,310,240,4
447,4,ジョーズサプライザー,350,220,4
448,4,ハイガノスマチェーテ,340,220,4
449,4,狩団子【火薬玉】饌,300,210,4
450,4,狩団子【毒天狗玉】饌,250,260,4
451,4,奇面案山子【相棒】,250,270,4
452,4,少し風化した双剣,380,100,4
453,4,アンフィスバエナ,340,240,4
454,4,機神双鋸【羅刹】,340,230,5
455,4,甲刃インセクトロード,300,100,5
456,4,グレイシャーバイト,330,220,5
457,4,大旋壊ジャイラーミナ,310,220,5
458,4,瀑刃灼斬ガノガノス,320,210,5
459,4,キザミヤツザキマクリ,320,100,5
460,4,肉球乱舞爪,320,100,5
461,4,究極至高剣ミツボシ,320,100,5
462,4,ゴージャスボンボン,330,100,5
463,4,凍刻みブリザレイド,300,240,5
464,4,双聖剣ギルドナイト,300,220,6
465,4,双極影剣,280,240,6
466,4,黒狼軍扇【玄】,290,260,6
467,4,アエソニーク,300,210,6
468,4,叛断ノ覇爪レギオン,290,100,6
469,4,砕巌双刃アルコバレノ,300,290,6
470,4,闘神剛鬼【悪路王】,340,230,6
471,4,ネロ＝ラース,340,250,6
472,4,封龍剣【極絶一門】,170,250,6
473,4,ブロス＝ヴァンダロス,360,100,6
474,4,龍識究刃レンカーツ,300,100,6
475,4,海賊王Ｊエッジ,330,100,6
476,4,極・紅蓮爆炎刃,280,210,6
477,4,極範馬刃牙流格闘術,300,100,6
478,4,双星の紅蓮刃【夢幻】,300,210,6
479,4,MH部員激レア扇子,320,100,6
480,4,アイルー卿メラルー卿,230,270,6
481,4,光剣サイファーXX,300,100,6
482,4,テンリュウノツガイ,330,210,7
483,4,咎双刃アビルブリング,300,250,7
484,4,覇尖爪イクセアムカム,370,100,7
485,4,崩界刃ヤッカカムノミ,360,240,7
486,4,太虚ノ扇【昊天】,360,220,7
487,4,極星狂双剣ニドガロア,310,250,7
488,4,赫醒刃リクヘスト,300,250,7
489,4,フィロゾフダガー,320,100,8
490,4,瀑睡刃ガルヴェルデン,290,280,8
491,4,炎焔舞刀イグナクダン,320,210,9
492,4,イスタビリ＝カリギー,300,220,9
493,4,シェルシェウルティモ,300,280,9
494,4,ザ・リーダー,270,250,9
495,4,極・電撃双剣,280,230,9
496,4,シャングリラorハデス,330,250,10
497,4,砕光双燦閃ヴーブラク,320,290,10
498,4,紅蓮双刃【久遠】,310,250,10
499,4,真名マアトガナフ,330,100,10
500,4,真・双滅龍刃【黄昏】,300,250,10
501,4,双龍神【黒天白夜】,290,230,10
502,4,紅熊双鉞【神変奇特】,350,100,X
503,4,黒兎双斬ラヴィナ,310,240,X
504,4,ウィルギガンローク,340,220,X
505,4,ツインレギーナエピネ,300,260,X
506,4,曙光輪爪【腥風】,300,100,X
507,4,隻眼軍扇【災】,320,100,X
508,4,極・金狼牙双刃【迸】,310,230,X
509,4,荒鉤爪双刃URGE,310,100,X
510,4,真滅双刃タンゼルヴァ,300,290,X
511,4,鎧裂双剣ドヤツザキ,330,100,X
512,4,こまつるぎ我執舞姫双,320,220,X
513,4,双霹刃ユイガドクソン,280,230,X
514,4,斬苦斬王の大乱舞,380,240,X
515,4,鏖双塊ミトリダーテ,370,100,X
516,5,ソフォスハンマー,320,100,1
517,5,大鬼鉄,350,100,1
518,5,堅骨戦槌ケミキ,350,100,1
519,5,ギガントスパイク,340,100,1
520,5,マッシヴロックボーン,330,100,1
521,5,エプルシモーヴェ,310,100,1
522,5,沫砕ドロスレッジ,310,100,1
523,5,カングレンハーン,330,100,1
524,5,猛槌ブルクラッシャー,340,100,1
525,5,ユアガリインパクト,340,100,1
526,5,さびた鎚,100,100,1
527,5,ウォークローザー,340,100,2
528,5,アトラスモール,350,100,2
529,5,氷鉄ハバク,300,240,2
530,5,ハイパーノヴァ,300,230,2
531,5,大槌【頭蓋砕き】,340,100,2
532,5,六翼蛇王鎚エインガナ,310,260,2
533,5,クックカブーン,310,100,2
534,5,毒槌デスヴェノム,300,260,2
535,5,甲堅鎚ゴグマダグマ,320,270,2
536,5,ローレライ,300,220,2
537,5,雷鎚フルフルスイング,330,230,2
538,5,スーパーフラグハマー,330,220,2
539,5,グビダントコーン,330,240,2
540,5,ヘシオリマクリ,330,100,2
541,5,パストエーラ,350,100,2
542,5,無明槌【中諦】,290,100,2
543,5,覇王樹ノ毒鎚,270,260,2
544,5,大黒鍋【肴饌】,290,290,2
545,5,霊槌ズッカボチャ魔王,300,210,2
546,5,飛行鎚バルブロウ,320,290,2
547,5,ノルド＝ガイアルク,300,240,2
548,5,しろねこクラッシャー,280,270,2
549,5,エテル＝シデロス,330,100,3
550,5,激乱鎚ディストロート,330,100,3
551,5,バーストリボルバー,320,210,3
552,5,スイ【凶】,320,100,3
553,5,震撃鎚グロンド・ギガ,350,100,3
554,5,火竜砕リオフラグマ,310,210,3
555,5,エクスボルテック,340,230,3
556,5,真・王牙鎚【破天】,320,230,3
557,5,おきつなみ撓山光明鎚,310,220,3
558,5,電竜砕ゼクピスティア,290,230,3
559,5,打ッ堕ァーンMAX,340,240,3
560,5,大斬鎚ウルガノヴァ,320,210,3
561,5,パワーofエンミティ,320,250,3
562,5,乱叛鎚アルグル,310,100,3
563,5,轟槌【大虎丸】,340,100,3
564,5,爆鎚エクスズーニー,330,290,3
565,5,THEアース,280,250,3
566,5,幻神のディモゴルゴ,290,260,3
567,5,テスカ・デル・トーレ,280,290,3
568,5,白骸巻槌サダイメリキ,380,250,3
569,5,ZZZ…ベア,250,280,3
570,5,ロイヤルロブスタンプ,320,220,3
571,5,一心不卵槌ガーグァ,320,100,3
572,5,災禍鎚ダルカラモルテ,310,250,3
573,5,キューキョクハンマー,350,100,3
574,5,神霊槌ユクモ【山祇】,340,100,3
575,5,ミラバスター,320,250,3
576,5,クレスト・コア,280,250,3
577,5,石拳【愚】,370,100,4
578,5,アイアンリジェクト,340,100,4
579,5,アブガトーゾハンマー,330,220,4
580,5,ファッティデモリシュ,340,240,4
581,5,少し風化した鎚,380,100,4
582,5,バインドキューブ,290,270,4
583,5,ボルボモメンタム,340,100,4
584,5,グレートタイタン,320,100,4
585,5,影潰ネル＝ダラバ,280,280,4
586,5,大鬼鉄ノ尊,300,270,5
587,5,ファイナルウォー,330,100,5
588,5,化槌ブライニクル,290,240,5
589,5,水帥ロンペレッジェ,330,220,5
590,5,くろねこクラッシャー,260,270,5
591,5,ホールオブミート,310,210,5
592,5,欣喜雀躍の白銀鍋,280,280,5
593,5,擬鎚バサルモス,330,100,5
594,5,アルドクレイター,320,260,5
595,5,火撃鉄鎚,310,210,6
596,5,黒狼大胆錘【玄】,310,260,6
597,5,穿孔鎚ブレイクセンス,310,220,6
598,5,豪雷迅鎚ボルテクス,300,230,6
599,5,叛断ノ覇鎚レギオン,300,100,6
600,5,泰山剛槌ドボルベルク,340,100,6
601,5,砕巌鎚ノヴァジオ,310,290,6
602,5,怒髪天ダイラージャン,320,230,6
603,5,ネロ＝カオス,320,250,6
604,5,深海錨鎚イカリ,290,220,6
605,5,タンジアの白き想い出,300,100,6
606,5,イサナ船よ永遠に！,300,250,6
607,5,百鍛千練・オオナグリ,310,100,6
608,5,サイキョーハンマー,320,100,6
609,5,パルメテオ・コア,310,250,6
610,5,龍識究打セレステイル,300,100,6
611,5,クリスタルガラクシア,330,100,6
612,5,極・電撃鎚,290,230,6
613,5,鬼ノ貌・哭,370,100,6
614,5,ヒュペル＝ダオラ,300,240,7
615,5,星天のアグスシャマ,310,210,7
616,5,鬼神大鎚【怒金鬼】,310,230,7
617,5,咎鎚ドロル,310,250,7
618,5,崩界槌オテルカムノミ,360,240,7
619,5,太虚ノ鏡【動天】,360,220,7
620,5,極星幽鎚ダリエガロア,310,250,7
621,5,神滅鎚アル・メタリア,290,250,7
622,5,赫醒鎚マグナウド,290,250,7
623,5,フィロゾフハンマー,320,100,8
624,5,極黒鎚マーダヴァ,340,100,8
625,5,大撃鎚ボルボダンガー,310,100,8
626,5,マクディコル,260,280,8
627,5,快航鎚バルディボーレ,300,280,8
628,5,大剛槌ドボルゴンドー,320,100,9
629,5,バースorデス,310,250,10
630,5,砕光滅尽鎚スィブラク,300,290,10
631,5,ダークバニッシャー,300,250,10
632,5,真名バアラトゲバル,330,100,10
633,5,ミラバルカンルイン,330,290,10
634,5,ミラアンセスルイン,290,250,10
635,5,ウィルギガントリペル,340,220,X
636,5,曙光槌【廻風】,300,100,X
637,5,宝顎鎚デアマンテ,380,100,X
638,5,隻眼大胆錘【災】,320,100,X
639,5,黒炎王鎚ガライテル,300,210,X
640,5,極・金狼牙鎚【滾】,300,230,X
641,5,荒鉤爪槌BEAT,310,100,X
642,5,真滅鎚ウルガノヴァ,300,290,X
643,5,鎧裂鎚ドヘシオリ,330,100,X
644,5,たまかぎる磐座磅魄鎚,310,220,X
645,5,青電主砕ジラルゲス,280,230,X
646,5,打堕ン王の渾身撃,370,240,X
647,6,ソフォスホルン,320,100,1
648,6,グランホルン,330,100,1
649,6,ヘビィボーンホルン,350,100,1
650,6,リモカリーナ【共鳴】,340,100,1
651,6,モナークビードロー,300,100,1
652,6,セロヴィドス,310,100,1
653,6,蛇笛ランポス【群青】,340,100,1
654,6,白蛇笛ギアノス【銀】,330,240,1
655,6,バルバールグラント,330,100,1
656,6,ドラグマ【参式】,330,100,1
657,6,ユアガリホルン,330,100,1
658,6,エネルジコ,320,100,2
659,6,セロヴィドスベルデ,290,270,2
660,6,セロヴィドスルージュ,290,210,2
661,6,セロヴィドスブラン,290,240,2
662,6,クックテンペストーゾ,300,210,2
663,6,毒響カプリ【狂奏極】,280,260,2
664,6,木魚打ち朴々【鎮】,350,100,2
665,6,水響ドロスロア,310,220,2
666,6,睡琴大公ペルトラオム,300,280,2
667,6,叫喚のフルフルート,300,230,2
668,6,軍奏ハプルハモニカ,330,220,2
669,6,太白猿琴ドドボロロン,300,240,2
670,6,双殻のカスターニャ,290,220,2
671,6,デンジャラックハール,320,270,2
672,6,無明笛【仮諦】,280,100,2
673,6,響笛カエルノウタ,290,220,2
674,6,マギアリア＝ロッド,300,250,2
675,6,クライゼルシュルネ,290,100,2
676,6,大毒奏ファンガサナル,290,260,2
677,6,天幸のカンパナリーオ,280,230,2
678,6,膨響笛バルホルサルン,300,290,2
679,6,プライマルホルン,320,100,3
680,6,シャミセン【凶】,320,260,3
681,6,巨笛ギガスゲニア,330,100,3
682,6,クラリチェリコーダー,330,210,3
683,6,豪雷笛ヴォルトホーン,330,230,3
684,6,真・王牙琴【天禄】,300,230,3
685,6,なるかみの音通神韻鈴,310,220,3
686,6,グルンリヒトフラップ,300,230,3
687,6,武ゥ応音音音ーMAX,340,240,3
688,6,大斬笛イブレスノヴァ,310,210,3
689,6,サウンドofドゥーム,310,250,3
690,6,乱叛笛アルリジル,320,100,3
691,6,轟鼓【大虎鐘】,320,100,3
692,6,爆笛エクスナパーム,330,290,3
693,6,THEグレゴリア,270,250,3
694,6,マジンノオカリナ,290,260,3
695,6,テスカ・デル・ムシカ,300,290,3
696,6,白骸惑笛スピカ,370,250,3
697,6,大羊歯笛アルファーン,280,280,3
698,6,大蛛琴ロデンテコルノ,310,270,3
699,6,エテル＝シルリア,310,100,3
700,6,ユクモ清雅笛【春鶯】,320,100,3
701,6,ミラメノス,310,250,3
702,6,ぐでたまフライパン灼,260,280,3
703,6,リンフォルツァンド,320,100,4
704,6,大蒼蛇笛ドスランポス,300,100,4
705,6,ケチャルファニワッパ,330,220,4
706,6,少し風化した狩猟笛,380,100,4
707,6,ビクトリードラム,310,100,4
708,6,土砂笙【厳ノ音】,340,100,4
709,6,タイタンズ＝ロック,320,210,4
710,6,ケチャ・ウル・ハーラ,290,220,5
711,6,真氷鮫笛フェノミナル,330,240,5
712,6,ヴォルガノアルピスタ,330,210,5
713,6,パラミティコール,280,270,5
714,6,コンガコンガ,340,100,5
715,6,グィロ＝フリギドゥス,290,240,5
716,6,黒狼三味線【玄】,290,260,6
717,6,フィアロ・グリーナ,280,210,6
718,6,叛断ノ覇笛レギオン,300,100,6
719,6,嶺響シュヴィンゲルク,340,100,6
720,6,砕巌鈴イエログラフ,310,290,6
721,6,電電大太鼓【雷神】,320,230,6
722,6,パーペチュアルムジカ,310,250,6
723,6,龍識究響スピールア,300,100,6
724,6,極・電撃鍵盤,290,230,6
725,6,応援団笛【テラホン】,290,100,6
726,6,ディアブムル＝ダオラ,300,240,7
727,6,アマスリコーダー,330,250,7
728,6,覇巌笛イクセハウカム,370,100,7
729,6,崩界笛イコカカムノミ,370,240,7
730,6,太虚ノ琴【玄天】,360,220,7
731,6,極星憂笛ディエガロア,310,250,7
732,6,赫醒笛エディウス,280,250,7
733,6,フィロゾフホルン,320,100,8
734,6,女王笛ランゴスタⅡ世,280,270,8
735,6,岩石笙【美ノ音】,320,100,8
736,6,インフレイム＝ギグ,300,210,8
737,6,快航笛モスカスイート,270,280,8
738,6,グリーorテラー,320,250,10
739,6,砕光陽顕鈴ホンブラク,290,290,10
740,6,真名シストルムメナト,330,100,10
741,6,ミラバルカンアリスト,330,290,10
742,6,ミラアンセスアリスト,310,250,10
743,6,ベニドラ【参ノ薙】,350,100,X
744,6,レギーナエアルエピネ,290,260,X
745,6,鬼面鳴門木魚【閻魔】,340,100,X
746,6,曙光笛【天風】,300,100,X
747,6,ゲニアデアマンテ,370,100,X
748,6,隻眼三味線【災】,280,260,X
749,6,シンヴァルツフラップ,310,210,X
750,6,極・金狼牙琴【轟】,280,230,X
751,6,荒鉤爪鼓GONG,310,100,X
752,6,真滅笛イブレスノヴァ,300,290,X
753,6,朧琴大侯ゲントラオム,310,280,X
754,6,鎧裂笛ドウチナラシ,310,220,X
755,6,あしたづの音動厭舞鈴,320,220,X
756,6,ジルヴォルトフラップ,280,230,X
757,6,武ゥ音王の伝説奏,370,240,X
758,7,ソフォスランス,320,100,1
759,7,ニューミレニアム,360,100,1
760,7,ヘビィボーンランス,360,100,1
761,7,エクィテスランス,340,100,1
762,7,牙槍ラルガ,340,100,1
763,7,マーシレススパイク,350,100,1
764,7,突槍リノプロス,350,100,1
765,7,沫衝ドロスペイル,330,100,1
766,7,猛追牙槍ドスファンゴ,340,100,1
767,7,ユアガリスティンガー,350,100,1
768,7,さびた槍,100,100,1
769,7,エクサドリルランス,320,230,2
770,7,エインヘリヤル,300,100,2
771,7,ダークチェイナー,280,270,2
772,7,蛇槍【ウロボロス】,310,260,2
773,7,赤蟹槍レッドロード,330,100,2
774,7,伸槍ラングハスラー,270,270,2
775,7,水衝ドロスパイラル,330,220,2
776,7,寝槍大公ペサドミトル,310,280,2
777,7,強襲破槍ハウルドクー,320,220,2
778,7,ツキサシマクリ,330,100,2
779,7,スピンラックロウラー,310,270,2
780,7,無明槍【集諦】,290,100,2
781,7,エテルノクラウン,320,240,2
782,7,天下分け目の大合戦槍,320,100,2
783,7,始原の毒槍,250,260,2
784,7,吸槍マイソフォビア,250,220,2
785,7,エレガンフレグランス,260,280,2
786,7,痺槍マイセティズム,290,270,2
787,7,猫舌戦慄のフォンデュ,280,210,2
788,7,風旋槍アルゼプリン,320,290,2
789,7,エテル＝カンブル,330,100,3
790,7,タワー,320,100,3
791,7,闘骨槍バーバリアン,360,100,3
792,7,鋼殻竜騎槍ゲイボルグ,310,100,3
793,7,ホウテンゲキ【凶】,340,260,3
794,7,レッドプロミネンス,340,210,3
795,7,エクスクルスランス,310,230,3
796,7,真・王牙槍【天衝】,320,230,3
797,7,きみがきる笠雲天通槍,310,220,3
798,7,ベルデライトニング,290,230,3
799,7,怒守度守ド度狩MAX,340,240,3
800,7,大斬槍グラノヴァ,320,210,3
801,7,シールドofレイジ,320,250,3
802,7,乱叛槍アルメンカル,310,100,3
803,7,轟槍【大独虎】,340,100,3
804,7,雷槍【ナルカミ】,270,230,3
805,7,爆槍エクスデイジ,340,290,3
806,7,THEパラディン,280,250,3
807,7,レグルス＝ダオラ,310,240,3
808,7,白骸魔槍アルゲディ,380,250,3
809,7,シャークカイザー,290,220,3
810,7,大蠍槍ネウランツェ,310,260,3
811,7,キューキョクランス,340,100,3
812,7,神霊槍・大ユクモ丸,340,100,3
813,7,黒龍槍,330,250,3
814,7,ネオアンドレイヤー,320,250,3
815,7,シバルリー,320,100,4
816,7,ダイオーガー,350,100,4
817,7,剛撃竜槍【二神】,330,250,4
818,7,ザクキマターキ,340,220,4
819,7,ルカーニコンケリント,340,240,4
820,7,瀑流槍オセアーノ,320,220,4
821,7,少し風化した槍,380,100,4
822,7,トライデント,260,270,4
823,7,削岩槍ボルボルグ,340,100,4
824,7,バジラットヴェノム,340,260,4
825,7,ロストバベル,330,100,5
826,7,惨牙槍デルガダ,320,100,5
827,7,奇槍ザクシュラ,290,220,5
828,7,デストラクター,320,240,5
829,7,ナイトメアスピア,270,280,5
830,7,灼噴槍ラーヴァルカナ,320,210,5
831,7,パラジャイロスピア,260,270,5
832,7,聖銀護国槍プロウェス,370,100,5
833,7,電槍サンダーバグ,290,230,5
834,7,ゾルベ＝ゾルビンス,300,240,5
835,7,激毒槍グラビモス,320,260,5
836,7,真龍騎槍ゲイボルギア,340,100,6
837,7,黒狼方天戟【玄】,280,260,6
838,7,豪雷震槍ドーリス,340,230,6
839,7,灼槍ヴァスティアグニ,300,210,6
840,7,叛断ノ覇槍レギオン,290,100,6
841,7,嶺衝シュタイフベルク,340,100,6
842,7,砕巌槍ブラキディオス,320,290,6
843,7,鬼神槍ラージャン,330,230,6
844,7,ネロ＝アトロシス,330,250,6
845,7,サイキョーランス,320,260,6
846,7,ラスカシェロス,310,250,6
847,7,角王槍グレオスホーン,350,100,6
848,7,龍識究槍クロウビーク,300,100,6
849,7,真・百狐槍,300,210,6
850,7,テオ＝エクシス,300,290,7
851,7,ディバイン＝ソル,310,210,7
852,7,鬼神大天槍ラージャン,320,230,7
853,7,崩界槍ケルケカムノミ,360,240,7
854,7,太虚ノ矛【衝天】,350,220,7
855,7,極星怨槍ガズィガロア,310,250,7
856,7,神滅槍アル・トリア,290,250,7
857,7,赫醒槍エールエンケ,300,250,7
858,7,フィロゾフランス,320,100,8
859,7,ダークルード,280,280,8
860,7,快航槍ツェッペリクス,300,280,8
861,7,痺れる旨さのゴルゴン,270,270,8
862,7,プレシャストレランス,340,100,8
863,7,ザ・ランサー,270,250,9
864,7,セージorデビル,320,250,10
865,7,砕光噴凄槍ツァブラク,290,290,10
866,7,封龍槍【刹那】,320,250,10
867,7,真名セルケトヘティト,330,100,10
868,7,真・黒滅龍槍【残映】,260,290,10
869,7,真・祖龍霊槍【無始】,300,250,10
870,7,ウィルギガントランス,340,220,X
871,7,レギーナソーンエピネ,290,260,X
872,7,曙光槍【勁風】,300,100,X
873,7,隻眼方天戟【災】,290,260,X
874,7,シンヴァルツテイル,310,210,X
875,7,極・金狼牙槍【穿】,310,230,X
876,7,荒鉤爪槍ELAN,310,100,X
877,7,真滅槍グラノヴァ,300,290,X
878,7,朧槍大侯ゲンドルミル,330,280,X
879,7,鎧裂槍ドツキサシ,330,100,X
880,7,おおきみの笠貫壊世槍,310,220,X
881,7,ジルヴォルトテイル,280,230,X
882,7,怒守度王の全力突,380,240,X
883,7,鏖槍ツァオツァオ,370,100,X
884,8,ソフォスガンランス,320,100,1
885,8,ソルバイトバースト,360,100,1
886,8,歴伝竜骨銃槍,360,100,1
887,8,フィオレドス,330,100,1
888,8,カルチャバンディット,340,100,1
889,8,Ｖ－ガルランド,280,270,1
890,8,ユアガリバースト,350,100,1
891,8,護皇槍ガバルディオ,350,100,2
892,8,巨剛銃槍ギガドニア,340,100,2
893,8,フィオレドスベルデ,310,270,2
894,8,フィオレドスルージュ,310,210,2
895,8,ウルクスラヴィーネ,330,240,2
896,8,トリプルクラウン,280,260,2
897,8,朱鬼銃槍【破山】,370,100,2
898,8,爪銃槍カルニコス,320,100,2
899,8,赤甲キャノンショット,300,270,2
900,8,電銃槍フルフルボルト,330,230,2
901,8,マーシャルウォースト,320,220,2
902,8,ヘルブリザード,330,240,2
903,8,無明銃槍【妙諦】,290,100,2
904,8,竹銃槍【タツオドシ】,290,100,2
905,8,快眠銃槍ララムーファ,290,280,2
906,8,雪の日の追憶の銃槍,270,240,2
907,8,覇たる炎帝ガルグロア,380,100,2
908,8,エテル＝オルドバ,330,100,3
909,8,ジェネシス,320,100,3
910,8,ギガスブルトゼニス,350,210,3
911,8,ハイオルトリンデ,310,260,3
912,8,バーンチャリオット,340,210,3
913,8,豪雷銃槍エクスラギア,330,230,3
914,8,真・王牙銃槍【震天】,320,230,3
915,8,さばへなす荒神祓灯槍,310,220,3
916,8,ザラムチャリオット,290,230,3
917,8,怒守罵ァーンMAX,340,240,3
918,8,大斬銃槍ブルアノヴァ,320,210,3
919,8,アームofアロガン,320,250,3
920,8,乱叛銃槍アルダナブ,310,100,3
921,8,轟銃槍【大虎砲】,340,100,3
922,8,疾雷銃槍リヴァルロア,280,230,3
923,8,爆銃槍エクスダイナ,340,290,3
924,8,THEフォートレス,280,250,3
925,8,ベナムデパルファン,330,260,3
926,8,白骸死銃槍ルクバト,380,250,3
927,8,波動砲モロコシ,280,100,3
928,8,マイノスフライハイト,310,290,3
929,8,天仙砲槍ユクモ・不老,340,100,3
930,8,黒龍銃槍,330,250,3
931,8,インペリアルオルデン,320,100,4
932,8,ダル＝チャリリヤティ,330,220,4
933,8,ゲシニョーラゴアード,300,220,4
934,8,グラーベンダイバー,300,220,4
935,8,少し風化した銃槍,380,100,4
936,8,スノウギア＝ドライブ,340,240,4
937,8,ボルボロゼミュラ,350,100,4
938,8,睡籠大公ショナムリド,280,280,4
939,8,影撃ネル＝カスフ,280,280,4
940,8,ウルクスアヴァランガ,300,240,5
941,8,蒼鬼銃槍鉋【竜拵】,330,100,5
942,8,メガロガンバスター,340,240,5
943,8,アビズモフィッシャー,320,220,5
944,8,極氷銃槍マカドドドマ,350,240,5
945,8,融壊ヴォルガカノーネ,320,210,5
946,8,万福福アイリューシカ,260,270,5
947,8,白撃砲グラビモス,340,100,5
948,8,砲銃槍ゲネルビガレス,290,220,6
949,8,アグナ＝ウルカヌス,330,210,6
950,8,叛断ノ覇銃槍レギオン,280,100,6
951,8,砕巌銃槍ズヴォルタ,320,290,6
952,8,震雷鬼銃槍ドラガン,340,230,6
953,8,ネロ＝グリード,340,250,6
954,8,レジェンドガンランス,290,100,6
955,8,デオス・ラートゥム,280,250,6
956,8,角王銃槍イーラホーン,340,100,6
957,8,龍識究撃ブウラハガズ,290,210,6
958,8,プラチナＸクラウン,280,100,6
959,8,極・電撃銃槍,280,230,6
960,8,海賊王Ｊガンランス,310,100,6
961,8,ダオラ＝テンペスタ,290,240,7
962,8,エンデ・デアヴェルト,320,250,7
963,8,煌銃槍アナイティス,300,260,7
964,8,鬼神大銃槍ドラギガン,310,230,7
965,8,咎銃槍アビルグリード,330,250,7
966,8,覇撃槍イクセアペカム,370,100,7
967,8,崩界銃槍バシカムノミ,360,240,7
968,8,太虚ノ銃槍【滔天】,350,220,7
969,8,極星絶砲槍ゲーガロア,310,250,7
970,8,赫醒銃槍ジルベネト,300,250,7
971,8,フィロゾフガンランス,320,100,8
972,8,大撃銃槍ロスカザタン,360,100,8
973,8,ロイヤルガンバード,290,260,8
974,8,ケオ・アグナクホヌア,310,210,9
975,8,至高のジューシー銃槍,310,210,9
976,8,ウォールorウォー,320,250,10
977,8,エントグルティガス,320,210,10
978,8,砕光耀銃槍バォブラク,290,290,10
979,8,真名ウアスアンク,330,100,10
980,8,真・黒滅龍銃槍【晨】,270,290,10
981,8,真・祖龍霊銃槍【殄】,280,250,10
982,8,黒兎崩槍リディニク,310,240,X
983,8,ウィルギガンキャノン,340,220,X
984,8,オルトリンデエピネ,300,260,X
985,8,渦動鬼銃槍【荒御鋒】,340,100,X
986,8,曙光銃槍【飄風】,300,100,X
987,8,ブルトデアマンテ,380,100,X
988,8,隻眼三尖刀【災】,290,260,X
989,8,ガラ＝エーネヴェルデ,310,210,X
990,8,極・金狼牙銃槍【慄】,300,230,X
991,8,荒鉤爪銃槍RAGE,310,100,X
992,8,真滅銃槍ブルアノヴァ,300,290,X
993,8,朧籠大侯ゲンアムリド,330,280,X
994,8,あぢむらの騒鼓鎮守槍,320,220,X
995,8,ジル＝アーナヒスモス,280,230,X
996,8,怒守罵王の全砲発,380,240,X
997,8,鏖銃槍クロムウェル,370,100,X
998,9,ソフォスアックス,320,100,1
999,9,アルターアラクシス,340,100,1
1000,9,アイカラス,350,100,1
1001,9,甲翅刃カンタゴスタ,260,270,1
1002,9,ギガントダッシャ―,360,100,1
1003,9,青熊豪斧【御神輿】,310,100,1
1004,9,ユアガリアックス,350,100,1
1005,9,電刃ボルシュレッド,330,230,2
1006,9,猛者の戦斧【巨魁】,300,260,2
1007,9,我武者羅大鉈・断ッ,360,100,2
1008,9,巨重爪ゼンブンダン,310,220,2
1009,9,紅剣斧ヴァーミリオン,280,270,2
1010,9,水断ドロスプラッシュ,310,220,2
1011,9,夢爪大公エレソムヌス,310,280,2
1012,9,フリックアングリッフ,310,100,2
1013,9,無明剣斧【滅諦】,290,100,2
1014,9,イルフェムフェレス,270,270,2
1015,9,ヘリオスクラッシャー,310,100,2
1016,9,氷滑走マックスレッジ,300,240,2
1017,9,膨満たらふくのゴーダ,290,100,2
1018,9,エテル＝オロシラ,330,100,3
1019,9,ディズオブヴァラー,310,100,3
1020,9,モストマスキュラー,340,100,3
1021,9,ギガントエンケラ,330,210,3
1022,9,ハイランドグリーズ,310,260,3
1023,9,ハイ＝リオヴェルミオ,320,210,3
1024,9,エクスボルトアックス,330,230,3
1025,9,真・王牙剣斧【断天】,320,230,3
1026,9,にはたづみ流麗玉筆斧,300,220,3
1027,9,ハイ＝ライエムロード,290,230,3
1028,9,餓斜ン牙機ンMAX,340,240,3
1029,9,大斬斧グリマノヴァ,320,210,3
1030,9,ウィルofソウル,310,250,3
1031,9,乱叛伐斧アルダバラン,310,100,3
1032,9,轟剣斧【斬虎】,340,100,3
1033,9,雷公宝斧キリン,280,230,3
1034,9,爆斧エクスグランド,330,290,3
1035,9,THEクローザー,280,250,3
1036,9,エジニハ＝ダオラ,310,240,3
1037,9,幻界のザリエラ,280,260,3
1038,9,白骸棘剣斧アンタレス,380,250,3
1039,9,グランヴルツァ,330,290,3
1040,9,災禍斧ダルクメルツェ,290,250,3
1041,9,キューキョクアックス,320,100,3
1042,9,鎮山豪剣斧ユクモ,340,100,3
1043,9,黒龍剣斧,340,250,3
1044,9,リ＝コンクエスタ,330,100,4
1045,9,ヴァーヴンペダンカパ,340,220,4
1046,9,ノッチスダンコーノ,350,240,4
1047,9,少し風化した剣斧,380,100,4
1048,9,豪嘴剣斧ビークックス,300,210,4
1049,9,バスチオンバスター,350,100,4
1050,9,奇猿斧ワチャルナッカ,300,220,5
1051,9,氷鋸刃斧モルスノチス,310,240,5
1052,9,瀑剣斧メギスプテギオ,310,280,5
1053,9,パラクラックアックス,290,100,5
1054,9,グンダ＝サングラム,320,100,5
1055,9,ギガフロストアンバー,290,240,5
1056,9,豪雷震剣斧ヴォルト,300,230,6
1057,9,紅蓮斧ヘルゼスティ,280,210,6
1058,9,叛断ノ覇斧レギオン,280,100,6
1059,9,嶺潰グリュンフェスト,340,100,6
1060,9,砕巌剣斧エクリクシー,300,290,6
1061,9,金剛大角斧カンダチ,310,230,6
1062,9,ネロ＝テュランノス,340,100,6
1063,9,アルトランプロン,270,250,6
1064,9,ガイア,350,100,6
1065,9,龍識究斧フォールビチ,300,100,6
1066,9,真・仙狐剣斧,300,240,6
1067,9,極・電撃剣斧,310,230,6
1068,9,海賊王Ｊアックス,320,100,6
1069,9,レッドトマホーク煉獄,260,270,6
1070,9,テスカ・デル・バルテ,280,290,7
1071,9,光焔斧リオエクシード,290,210,7
1072,9,金鉤のトリウィア,320,260,7
1073,9,鬼神大角斧【震為雷】,300,230,7
1074,9,滅斧ダークライド,310,100,7
1075,9,覇裂斧イクセムルカム,370,100,7
1076,9,崩界剣斧ムルカムノミ,360,240,7
1077,9,太虚ノ剣斧【天維】,360,220,7
1078,9,極星焦斧スカルガロア,310,250,7
1079,9,神滅斧アル・ヴォリア,280,250,7
1080,9,赫醒剣斧バティスタ,300,250,7
1081,9,フィロゾフアックス,310,100,8
1082,9,満身ぴりぴりのゾーラ,280,270,8
1083,9,琥牙剣斧ラヴィーナ,320,240,9
1084,9,海王斧ナバルディード,330,220,9
1085,9,クライムorグラント,300,250,10
1086,9,砕光晃剣斧リェブラク,290,290,10
1087,9,龍焔剣斧【竜喰】,300,250,10
1088,9,真名アナトカルナイム,330,100,10
1089,9,真・黒滅龍剣斧【晁】,250,290,10
1090,9,ミラアンセスヴェンデ,300,230,10
1091,9,紅熊豪斧【摩雲天】,350,100,X
1092,9,黒兎雪斧アウリスパダ,300,240,X
1093,9,ウィルギガンフエグリ,340,220,X
1094,9,ランドグリーズエピネ,290,260,X
1095,9,渦紋蛮骨鬼鉈【兜割】,340,100,X
1096,9,曙光剣斧【暁風】,290,100,X
1097,9,バーストデアマンテ,370,100,X
1098,9,シンヴァルツグレイブ,300,210,X
1099,9,極・金狼牙剣斧【曄】,300,230,X
1100,9,荒鉤爪剣斧SLASH,310,100,X
1101,9,真滅斧グリマノヴァ,300,290,X
1102,9,朧爪大侯ゲンソムヌス,330,280,X
1103,9,ともしびの灯滅刻彫斧,310,220,X
1104,9,ジルヴォルトグレイブ,280,230,X
1105,9,餓斜ン牙王の大解放,370,240,X
1106,9,鏖剣斧シーピオ,370,100,X
1107,10,ソフォスアームズ,320,100,1
1108,10,カイゼルコマダント,340,100,1
1109,10,断骨盾斧シルトベイル,350,100,1
1110,10,サリーレバンディット,330,100,1
1111,10,ウンシュルトベイル,330,240,1
1112,10,縛盾斧デスヴースタ,290,270,1
1113,10,シュヴァルツスクード,310,100,2
1114,10,毒盾斧ヘルヴェノム,300,260,2
1115,10,寝翼大公プロスクシェ,310,280,2
1116,10,コンポジットボーダー,330,220,2
1117,10,ナデギリマクリ,330,100,2
1118,10,オミナスフェレス,250,270,2
1119,10,焼盾ピザックスDX,270,100,2
1120,10,妖しき霧幻ガルグカシ,380,100,2
1121,10,エテル＝スタテロ,330,100,3
1122,10,毒盾斧ディリティリオ,330,260,3
1123,10,ディア＝ルテミネヴァ,320,210,3
1124,10,獄炎斧アムガリオン,330,210,3
1125,10,豪雷盾斧ヴァンクロム,340,230,3
1126,10,しろたへの衣紋冥護斧,310,220,3
1127,10,霹電斧アムガラクレス,290,230,3
1128,10,餓斜ン具流ンMAX,340,240,3
1129,10,大斬合刃バルドノヴァ,320,210,3
1130,10,フォースofカタストル,320,250,3
1131,10,乱叛盾斧アルマイサ,320,100,3
1132,10,轟盾斧【大騎虎】,340,100,3
1133,10,爆盾斧エクスバンカー,330,290,3
1134,10,THEセイヴァー,280,250,3
1135,10,ダオラ＝アクパーラ,300,240,3
1136,10,白骸暴盾斧メンカル,380,250,3
1137,10,新鮮斧アルマドラード,300,220,3
1138,10,鋏刃裂斧ギラロワーガ,300,250,3
1139,10,黒龍盾斧,340,250,3
1140,10,ビクトーリアノブレス,310,230,4
1141,10,エクサルシス,330,220,4
1142,10,スクアリーアルマード,340,240,4
1143,10,少し風化した盾斧,380,100,4
1144,10,ボルボロコンプレート,360,100,4
1145,10,ベロボーグサイズ,280,260,4
1146,10,トリスタンイゾルデ,280,230,5
1147,10,ザ・ボア・テドミア,290,240,5
1148,10,灼滅斧ヴォルクラテロ,340,210,5
1149,10,アペクス＝プレダトア,290,220,6
1150,10,叛断ノ覇盾斧レギオン,290,100,6
1151,10,砕巌盾斧イフルゼント,310,290,6
1152,10,鬼神盾斧【摧一切魔】,350,230,6
1153,10,レジェンドアームズ,290,100,6
1154,10,トゥールビヨン・ギア,290,250,6
1155,10,角王盾斧ジオブロス,370,100,6
1156,10,龍識究盾アステピオ,300,100,6
1157,10,真・善狐盾斧,280,210,6
1158,10,伝説Ｊアームズ,350,100,6
1159,10,グランドクロスアクス,300,240,6
1160,10,テスカ・デル・エスト,280,290,7
1161,10,煌炎斧ヘルメスノヴァ,310,210,7
1162,10,金煌月盾斧クリュサル,290,210,7
1163,10,覇壊斧イクセエンカム,370,100,7
1164,10,太虚ノ華【普天】,360,220,7
1165,10,極星寂護斧ガンガロア,310,250,7
1166,10,赫醒剣斧ジルバッド,300,250,7
1167,10,フィロゾフアームズ,320,100,8
1168,10,完熟激辛ペニョックス,290,270,8
1169,10,パックスorカタストル,320,250,10
1170,10,絢爛盾斧プラティオラ,290,210,10
1171,10,砕光剛盾斧ファブラク,300,290,10
1172,10,封龍盾斧【界分】,300,250,10
1173,10,真名ネベトヘウト,330,100,10
1174,10,神滅盾斧アル・プルト,280,250,10
1175,10,真・黒滅龍盾斧【旭】,270,290,10
1176,10,ミラアンセスシャデス,300,230,10
1177,10,ディア＝レギーナベネ,290,260,X
1178,10,黒炎王斧アムガロード,300,210,X
1179,10,荒鉤爪盾斧BITE,310,100,X
1180,10,真滅合刃バルドノヴァ,300,290,X
1181,10,朧翼大侯ゲンスクシェ,330,280,X
1182,10,鎧裂盾斧ドナデギリ,330,100,X
1183,10,ときぎぬの乱衣想慕斧,320,220,X
1184,10,青電主斧アムヴォルト,280,230,X
1185,10,餓斜ン具王の全力溜,380,240,X
1186,10,鏖盾斧コーローン,370,100,X
1187,11,ソフォスロッド,320,100,1
1188,11,鋼銃剣【飛天改】,350,100,1
1189,11,エアボーン,330,100,1
1190,11,操虫三叉戟オルタロス,320,100,1
1191,11,突撃銃剣【巴蛇】,350,100,1
1192,11,舞乱棍【抜群】,320,240,1
1193,11,エスカーマフェーダー,330,100,1
1194,11,砂錨棍サブロアンクロ,350,220,1
1195,11,鋼銃剣【閃電改】,300,230,2
1196,11,赤炎剛嘴イャンクック,310,210,2
1197,11,蛇銃斧【紅甲毒牙】,330,260,2
1198,11,アサルタンキャスター,320,100,2
1199,11,水跳ドロスブルーム,320,220,2
1200,11,満電注雷棍,320,230,2
1201,11,怒々舞乱棍【大親分】,290,240,2
1202,11,パラライズヴァイン,290,270,2
1203,11,無明鎌棍【正語】,290,100,2
1204,11,尖橡棍にゃんにゃん,280,270,2
1205,11,マギア＝フィナーレ,290,290,2
1206,11,エテル＝トリアス,330,100,3
1207,11,高密度硬棍デュール,320,100,3
1208,11,すがのねの長夜華山薙,320,220,3
1209,11,万雷の霆竜棍,300,230,3
1210,11,舞羽ン舞羽ーンMAX,340,240,3
1211,11,大斬旋ヘルダヴァ,330,210,3
1212,11,エイムofマジック,300,250,3
1213,11,乱叛棍アルティール,320,100,3
1214,11,碧の神鳴,300,230,3
1215,11,爆棍エクスエレクトロ,320,290,3
1216,11,THEミラクル,280,250,3
1217,11,サムドラ＝ダオラ,300,240,3
1218,11,ネイビア,310,260,3
1219,11,白骸邪操棍ラスアルハ,370,250,3
1220,11,清棍キヨラカナリ,290,240,3
1221,11,災禍棍ダルクモルス,300,250,3
1222,11,黒龍棍,330,250,3
1223,11,ヴィリズモベルセクト,330,220,4
1224,11,如意棒【岩猿】,300,220,4
1225,11,フィンブルヴェトル,310,240,4
1226,11,最高の棍ガリア,280,210,4
1227,11,シャドウウォーカー,300,260,4
1228,11,ハイアーザントップ,280,270,5
1229,11,ミッドナイトグレイブ,310,220,5
1230,11,ハイガノスハープーン,300,280,5
1231,11,激重棍グランビールタ,330,210,5
1232,11,至宝杖アガルタ,290,100,5
1233,11,双重爪鎌カーニバル,320,220,6
1234,11,炎戈戟カークブレイズ,280,210,6
1235,11,叛断ノ覇棍レギオン,310,100,6
1236,11,砕巌杵ゲントツ,300,290,6
1237,11,金剛砕棍ゴーデンジン,350,230,6
1238,11,角王戟スタルローガ,350,100,6
1239,11,龍識究躍セスタンテ,300,100,6
1240,11,断獄の銃棍,330,100,6
1241,11,アラジンの杖XX,290,230,6
1242,11,真・獣の槍,300,250,6
1243,11,絢爛の閃竜戟,310,210,7
1244,11,鬼神大棍【怒猿魔王】,310,230,7
1245,11,崩界杖キキリカムノミ,380,240,7
1246,11,極星傲棍ズィムガロア,320,250,7
1247,11,神滅龍棍アル・イニア,290,250,7
1248,11,赫醒棍レヴィアナ,280,250,7
1249,11,フィロゾフロッド,320,100,8
1250,11,ネルストルケル,270,280,8
1251,11,天雷宝棍【麒麟帝】,290,230,9
1252,11,グリーフorワンダー,330,250,10
1253,11,星河一天の煌竜戟,300,210,10
1254,11,砕光黒翔杵チァブラク,290,290,10
1255,11,太虚ノ輪【通天】,360,220,10
1256,11,真名メトイエル,330,100,10
1257,11,真・黒龍棍【天帝】,310,250,10
1258,11,真・黒滅龍棍【旦明】,330,290,10
1259,11,ミラアンセスロード,330,230,10
1260,11,ウィルギガンスロワー,340,220,X
1261,11,曙光鎌棍【恒風】,300,100,X
1262,11,ブロウデアマンテ,380,100,X
1263,11,真滅旋ヘルダヴァ,300,290,X
1264,11,鎧裂棍ドナギハライ,330,100,X
1265,11,たくなわの千尋儚命薙,320,220,X
1266,11,無極の碧霆竜棍,290,230,X
1267,11,舞羽ン舞王の大跳躍,380,240,X
1268,11,鏖戟バイチー,370,100,X
1269,12,ソフォスボウ,320,100,1
1270,12,シャープシューター,300,100,1
1271,12,ワイズハンターボウ,340,100,1
1272,12,アルクドスジョーヌ,260,230,1
1273,12,アルクドスブラン,240,240,1
1274,12,雪原のスファークラム,260,240,1
1275,12,プリュム＝フルーギロ,320,100,1
1276,12,ユアガリボウ,320,100,1
1277,12,カジキ弓【姿造】,310,100,1
1278,12,乱吹の瑞華晶弓,140,240,2
1279,12,スーパーソニック,270,230,2
1280,12,大怪鳥幣弓,270,210,2
1281,12,オオタチキリバサミ,260,220,2
1282,12,水撃ドロスギニオン,300,220,2
1283,12,クイーンエテノルク,260,210,2
1284,12,クラリチェエテノルク,290,210,2
1285,12,アサルトスコルピオ,290,220,2
1286,12,無明弓【正定】,310,100,2
1287,12,竹取ノ弓【伽具夜】,370,100,2
1288,12,麗枝弓ステラフロル,310,100,2
1289,12,恍然忘我混沌のゴン,320,100,2
1290,12,絡繰機巧ネコ弐九弓,310,100,2
1291,12,大蛛弦ピェジスアルク,300,100,2
1292,12,エテル＝エディアカ,320,100,3
1293,12,闘王弓グラディエンテ,350,100,3
1294,12,ユミ【凶】,320,100,3
1295,12,剛重弓ギガントマキア,310,210,3
1296,12,紅焔弓サウレ,300,210,3
1297,12,エクスボルトアロー,290,230,3
1298,12,真・王牙弓【天命】,300,230,3
1299,12,なぐるやの遠境真射弓,260,220,3
1300,12,黒電弓ウェザイス,280,230,3
1301,12,頭ッ弓ゥーンMAX,280,240,3
1302,12,大斬弓ブライヴァ,300,210,3
1303,12,ビジョンofヴァニシュ,260,250,3
1304,12,乱叛弓アルナスル,320,100,3
1305,12,轟弓【大虎髯】,360,100,3
1306,12,爆弓エクスツァーリ,300,290,3
1307,12,剛勇と宿望の凄絶弓,280,290,3
1308,12,白骸業弓ハマル,360,250,3
1309,12,神霊弓ユクモ【揺光】,330,100,3
1310,12,黒龍弓,310,250,3
1311,12,大鹿角ノ破弾弓,310,100,4
1312,12,甲翅弓ハウステュラ,340,100,4
1313,12,地獄鬼兜弓【波旬】,330,100,4
1314,12,ザウンボア・ブルー,300,240,4
1315,12,イヌキマクリ,340,100,4
1316,12,フルクトゥス,310,100,4
1317,12,少し風化した弓,380,100,4
1318,12,密林のボンファデート,330,100,4
1319,12,影射ネル＝アルタ,310,100,4
1320,12,ヘイルストーム,310,240,5
1321,12,雪原のエイスカスタレ,330,240,5
1322,12,完全変態ガーンデヴァ,330,220,5
1323,12,龍頭琴【水戯】,70,220,5
1324,12,密林のブロ＝カルファ,350,100,5
1325,12,琥牙弓アルヴァランガ,270,240,5
1326,12,黒狼大弓【玄】,310,100,6
1327,12,叛断ノ覇弓レギオン,330,100,6
1328,12,砕巌弓イクサプロド,290,290,6
1329,12,THEイノセンス,280,250,6
1330,12,震雷弓【萬獣王】,300,230,6
1331,12,アンギルヴィゴレ,290,250,6
1332,12,グロズヌィ,390,100,6
1333,12,龍識究射バンデモラ,310,100,6
1334,12,聖なる弓Ｇ,330,100,6
1335,12,海賊王Ｊラダーボウ,300,100,6
1336,12,古代兵装・弓XX,330,100,6
1337,12,サジタル＝ダオラ,270,240,7
1338,12,大魔導弓レメゲティア,330,100,7
1339,12,澄天エイター,330,210,7
1340,12,月天フォエベー,260,210,7
1341,12,雷公怒弓【征天大聖】,330,230,7
1342,12,覇殲弓イクセレラカム,290,250,7
1343,12,崩界弓アイカカムノミ,340,240,7
1344,12,太虚ノ弓【曙天】,340,220,7
1345,12,極星呵弓アヴィガロア,320,250,7
1346,12,神滅弓アル・カニア,280,250,7
1347,12,赫醒弓ヘヴンゲイト,320,250,7
1348,12,フィロゾフボウ,320,100,8
1349,12,スキュラヴァルアロー,320,100,8
1350,12,ガオウ・ヴェローバル,320,230,9
1351,12,奇面弓カヤチャチャン,310,100,9
1352,12,女神弓エリザベス,250,220,9
1353,12,アピアーorヴァニシュ,280,250,10
1354,12,砕光閃靭矢シュブラク,270,290,10
1355,12,龍弓【天崩】,250,250,10
1356,12,真名ウプウアウト,360,100,10
1357,12,断滅と崩壊の剛烈弓,300,250,10
1358,12,震怒と大禍の爆烈弓,300,290,10
1359,12,完勝と栄冠の勇烈弓,300,250,10
1360,12,紅熊大弓【阿羅漢】,330,100,X
1361,12,ウィルギガントボウ,300,220,X
1362,12,レギーナエルクエピネ,300,210,X
1363,12,八大地獄巡り大鬼濤弓,340,100,X
1364,12,曙光弓【朔風】,320,100,X
1365,12,宝殻弓デアコルダ,330,210,X
1366,12,隻眼大弓【災】,330,100,X
1367,12,シンヴァルツボウ,270,210,X
1368,12,極・金狼牙弓【昂】,330,230,X
1369,12,荒鉤爪弓ROAR,360,100,X
1370,12,真滅弓ブライヴァ,310,290,X
1371,12,鎧裂弓ドイヌキ,350,100,X
1372,12,あかねさし照破天射弓,330,220,X
1373,12,ジルヴォルトボウ,300,230,X
1374,12,頭ッ弓王の大残身,320,240,X
1375,12,鏖弓シャンギー,410,100,X
1376,13,ソフォスバレット,330,999,1
1377,13,デヴァイドスナイパー,320,999,1
1378,13,クロスブリッツァ,340,999,1
1379,13,レインバレッツ・白,310,999,1
1380,13,蟹殻弩エルバンザザミ,320,999,1
1381,13,ヴェルデュアキングル,320,999,1
1382,13,クックリベンジャー,320,999,1
1383,13,ユアガリバレット,320,999,1
1384,13,追襲の黒銃,330,999,2
1385,13,レインバレッツ・蛇,320,999,2
1386,13,熔山弩ウログルトヘル,320,999,2
1387,13,サディフルシリンジ,330,999,2
1388,13,ロアルフォール,320,999,2
1389,13,テイルランチャー,320,999,2
1390,13,無明弩【正業】,300,999,2
1391,13,超鬼ヶ島,320,999,2
1392,13,アイルーヘブンドール,310,999,2
1393,13,メラルーヘブンドール,310,999,2
1394,13,名器吹吹チャガンマン,300,999,2
1395,13,ロイヤルエビィーガン,330,999,2
1396,13,シハンボウガン,260,999,2
1397,13,キューキョクボウガン,320,999,2
1398,13,エレガン・オ・ドーレ,320,999,2
1399,13,キングビートスナイプ,320,999,2
1400,13,早来恋・春夜鯉砲,320,999,2
1401,13,高高度気艦銃バラオン,320,999,2
1402,13,響き渡るフリューベル,270,999,2
1403,13,至宝銃キサナドゥ,330,999,2
1404,13,エテル＝デボニア,340,999,3
1405,13,ド【凶】,320,999,3
1406,13,深碧の烈弩,340,999,3
1407,13,鳳仙火竜砲【永焔】,330,999,3
1408,13,真・王牙弩【天鼓】,330,999,3
1409,13,あまとぶや軽妙霊水弩,330,999,3
1410,13,サージ電竜砲【瞬電】,330,999,3
1411,13,弩ッ弩ッ弩ッMAX,340,999,3
1412,13,大斬弩イクリルノヴァ,340,999,3
1413,13,レイofシャンバラ,320,999,3
1414,13,乱叛弩アルシアラ,320,999,3
1415,13,轟弩【大戦虎】,340,999,3
1416,13,幻神鼎角筒,320,999,3
1417,13,爆弩エクスコバルト,320,999,3
1418,13,マジンノランプ,320,999,3
1419,13,白骸怪弩アクベンス,340,999,3
1420,13,ミラパラソル,330,999,3
1421,13,レインバレッツ・蒼,310,999,4
1422,13,レインバレッツ・碧,330,999,4
1423,13,レインバレッツ・紅,330,999,4
1424,13,蜂巣リボルヴァルカン,320,999,4
1425,13,沙塵弩ガレオストーム,320,999,4
1426,13,奇銃ロンベルカタ,330,999,4
1427,13,口裂けハーイザルヴ,330,999,4
1428,13,怒弩ブリガンテ,310,999,4
1429,13,ユクモ神霊弩【弾嵐】,340,999,4
1430,13,バズルボローカ,340,999,4
1431,13,エクスリボルバー,330,999,4
1432,13,眠梟大公モルドルモ,300,999,4
1433,13,ラヴァタイフーン,330,999,5
1434,13,黒狼衝弩【玄】,330,999,5
1435,13,豪雷迅砲クルサンダー,320,999,5
1436,13,撃雷弩【麒麟王】,330,999,5
1437,13,大神ヶ島【神在月】,340,999,5
1438,13,真珠夫人の仕込傘,320,999,5
1439,13,アタックオンコンガ,330,999,5
1440,13,ブリザードタビュラ,320,999,5
1441,13,タイタンボンバルド,350,999,5
1442,13,流弩ガノシュトローム,330,999,6
1443,13,機銃砲ズィクビトリア,330,999,6
1444,13,叛断ノ覇弩レギオン,330,999,6
1445,13,超ド級弩アルデバラン,330,999,6
1446,13,砕巌弩バリスタイト,350,999,6
1447,13,THEヴァーチ,320,999,6
1448,13,金獅子筒【兆雷】,330,999,6
1449,13,ネロ＝マッドネス,330,999,6
1450,13,大瓢弾【万成】,330,999,6
1451,13,龍識究弩ファノス,300,999,6
1452,13,アームキャノンXX,320,999,6
1453,13,ザンブル＝ダオラ,330,999,7
1454,13,銀輝のアストリオス,350,999,7
1455,13,金煌のオレルス,340,999,7
1456,13,繚乱の対弩【千輪】,340,999,7
1457,13,鬼神大筒【怒雷天】,340,999,7
1458,13,咎弩アビルデメント,360,999,7
1459,13,崩界弩エイヌカムノミ,380,999,7
1460,13,太虚ノ針【沖天】,330,999,7
1461,13,極星嘆弩グラーガロア,330,999,7
1462,13,赫醒弩ボルテルク,310,999,7
1463,13,フィロゾフバレット,330,999,8
1464,13,快航銃パラグビオン,330,999,8
1465,13,ガオウ・バルゾルデ,330,999,9
1466,13,ザ・ガンナー,330,999,9
1467,13,真・地狐弩,330,999,9
1468,13,ヴァイスorヴァーチ,340,999,10
1469,13,砕光輝捷弩ジーブラク,350,999,10
1470,13,真名トリスメギストス,340,999,10
1471,13,真・黒龍翼弩【深淵】,350,999,10
1472,13,真・黒滅龍弩【早天】,340,999,10
1473,13,阿武祖龍弩【零】,340,999,10
1474,13,レギーナフレイムベネ,330,999,X
1475,13,曙光弩【晨風】,310,999,X
1476,13,隻眼衝弩【災】,330,999,X
1477,13,慟黒炎竜砲【駕羅】,330,999,X
1478,13,極・金狼牙弩【暉】,340,999,X
1479,13,荒鉤爪弩SEIZE,340,999,X
1480,13,真滅弩イクリルノヴァ,340,999,X
1481,13,朧梟大侯ゲンドルモ,300,999,X
1482,13,ひさかたの天紅驟雨弩,320,999,X
1483,13,喊青電竜砲【峙瑠】,310,999,X
1484,13,弩ッ弩王の全連射,340,999,X
1485,13,鏖弩カズサ,360,999,X
1486,14,ソフォスキャノン,320,999,1
1487,14,Ｘ・アルバレスト,310,999,1
1488,14,ボーンブラスター,310,999,1
1489,14,トリパノフォビア,320,999,1
1490,14,深沙重弩ドスガレオス,310,999,1
1491,14,エクストラガウプシカ,310,999,1
1492,14,パープルオクトーバー,330,999,1
1493,14,ユアガリキャノン,310,999,1
1494,14,ギャラクシーキャノン,300,999,2
1495,14,イャンクック大怪砲,320,999,2
1496,14,ペングルスカイザー,320,999,2
1497,14,タンクウィザード,320,999,2
1498,14,不動大名砲,320,999,2
1499,14,赤転甲弩ナインボール,320,999,2
1500,14,眠砲大公イルコシュマ,320,999,2
1501,14,潜砲ボカ＝ハープール,320,999,2
1502,14,プリマーテスロワー,320,999,2
1503,14,ブレイスブラスト,310,999,2
1504,14,無明砲【正命】,300,999,2
1505,14,白雲砲ムーフレア,310,999,2
1506,14,気高き炎妃ガルグリト,350,999,2
1507,14,獣王砲ニャーティレリ,320,999,2
1508,14,エテル＝カボニフェル,330,999,3
1509,14,カホウ【凶】,330,999,3
1510,14,豪雷砲ラギアブリッツ,330,999,3
1511,14,真・王牙砲【天機】,330,999,3
1512,14,あしひきの山水撞車砲,340,999,3
1513,14,電竜大砲【閃撃】,330,999,3
1514,14,爆砲ォー遠MAX,360,999,3
1515,14,大斬砲エクリクノヴァ,350,999,3
1516,14,乱叛砲アルシャマリ,330,999,3
1517,14,轟砲【大虎頭】,350,999,3
1518,14,爆砲エクスアトムズ,330,999,3
1519,14,トリガーofオール,330,999,3
1520,14,コルム＝ダオラ,350,999,3
1521,14,白骸罪砲スベンゲヌビ,340,999,3
1522,14,海造砲【灰燼】,330,999,3
1523,14,ユクモ連峰重弩・山岨,330,999,3
1524,14,ミラキャノン,330,999,3
1525,14,俊足重弩ケルビ,310,999,4
1526,14,ヴェスピアリ,310,999,4
1527,14,インペリアルカノン,330,999,4
1528,14,百貫筒【大熊】,320,999,4
1529,14,鼓撃ち弩首領火ッ,320,999,4
1530,14,ビビディバビディ砲,320,999,4
1531,14,ウチヌキマクリ,330,999,4
1532,14,ハイガノバッシャー,330,999,4
1533,14,アスターエイドス,330,999,4
1534,14,アースイーター,260,999,4
1535,14,バスターランシエルダ,330,999,4
1536,14,徹甲雄砲アルセルタス,340,999,5
1537,14,妃竜砲【姫撃】,330,999,5
1538,14,炎戈砲ブロウブレイズ,340,999,5
1539,14,紫電一閃砲キリン,310,999,5
1540,14,アステール,320,999,5
1541,14,オオナナホシ天砲,320,999,5
1542,14,デッドスティンカー,320,999,5
1543,14,ビヤラースヴァリア,340,999,5
1544,14,グラビドギガムドファ,340,999,5
1545,14,至宝砲シャンバラ,290,999,5
1546,14,叛断ノ覇砲レギオン,350,999,6
1547,14,嶺穿ジガンラキエータ,350,999,6
1548,14,砕巌大砲シュライアー,350,999,6
1549,14,THEデリュージュ,340,999,6
1550,14,ネロ＝アンフィニグラ,340,999,6
1551,14,レジェンドブラスター,310,999,6
1552,14,モラクディアーカ,370,999,6
1553,14,龍識究砲ミクロスピオ,300,999,6
1554,14,Ｘ・アルバレッド,330,999,6
1555,14,海賊王Ｊキャノン,330,999,6
1556,14,霞重砲カムリムナ,350,999,7
1557,14,テオ＝フランロンガ,350,999,7
1558,14,咎重弩スタブファミン,360,999,7
1559,14,覇爆砲イクセユプカム,340,999,7
1560,14,崩界砲バセカカムノミ,380,999,7
1561,14,太虚ノ刻【鈞天】,350,999,7
1562,14,極星悲砲ヴィズガロア,320,999,7
1563,14,神滅重弩アル・アロア,350,999,7
1564,14,赫醒砲ギルクロイツ,310,999,7
1565,14,フィロゾフキャノン,310,999,8
1566,14,潜淵砲モーテハプスト,330,999,8
1567,14,ガオウ・クオバルデ,340,999,9
1568,14,焔戈砲アグナバレスト,350,999,9
1569,14,リベラシオン＝アモル,330,999,9
1570,14,ジェネシスorデマイズ,340,999,10
1571,14,砕光極彩砲ミェブラク,360,999,10
1572,14,老山龍砲・真,360,999,10
1573,14,真名ラーホルアクティ,350,999,10
1574,14,ヴォルブラスター,350,999,10
1575,14,ディスティフェロース,370,999,10
1576,14,ミラアンセスホールマ,340,999,10
1577,14,万貫筒【紅兜】,320,999,X
1578,14,黒兎雪砲ペンゲロスト,320,999,X
1579,14,ウィルギガンバスター,320,999,X
1580,14,紫毒姫竜砲【輝華撃】,310,999,X
1581,14,黒縄鬼砲【章断】,320,999,X
1582,14,曙光砲【凱風】,320,999,X
1583,14,バール＝デアマンテ,330,999,X
1584,14,隻眼火砲【災】,330,999,X
1585,14,極・金狼牙砲【猛】,330,999,X
1586,14,荒鉤爪砲ＨＯＷＬ,330,999,X
1587,14,真滅砲エクリクノヴァ,340,999,X
1588,14,朧砲大侯ゲンコシュマ,330,999,X
1589,14,鎧裂砲ドウチヌキ,330,999,X
1590,14,ちはやふる神山入輿砲,320,999,X
1591,14,青電竜大砲【襲撃】,310,999,X
1592,14,爆砲遠王の大命中,350,999,X
1593,14,鏖砲イヴァン,360,999,X