id,no,name,type1,type2,move1,move2,move3,move4,item,effort_values,character,lap1_show,lap2_show,lap3_show,lap4_show,lap5_show,lap6_show,lap7_show,lap8_show
1,24,アーボック,どく,,どくどくのキバ,あなをほる,かみつく,へびにらみ,キーのみ,H255A255,いじっぱり,0,1,0,0,0,0,0,0
2,24,アーボック,どく,,ヘドロばくだん,じしん,アイアンテール,へびにらみ,ラムのみ,H255B255,いじっぱり,0,0,1,0,0,0,0,0
3,348,アーマルド,むし,いわ,きりさく,つばめがえし,げんしのちから,まもる,ピントレンズ,H255A255,いじっぱり,0,0,0,1,0,0,0,1
4,348,アーマルド,むし,いわ,アイアンテール,げんしのちから,かわらわり,たたきおとす,せんせいのツメ,H255A255,いじっぱり,0,0,0,0,1,0,0,1
5,348,アーマルド,むし,いわ,じしん,いわなだれ,かわらわり,つるぎのまい,せんせいのツメ,H255A255,いじっぱり,0,0,0,0,0,1,0,1
6,348,アーマルド,むし,いわ,すてみタックル,じしん,つばめがえし,いわなだれ,こだわりハチマキ,H255A255,いじっぱり,0,0,0,0,0,0,1,1
7,267,アゲハント,むし,ひこう,ぎんいろのかぜ,メガドレイン,メロメロ,ふきとばし,メンタルハーブ,H255S255,すなお,1,0,0,0,0,0,0,0
8,119,アズマオウ,みず,,みずのはどう,サイケこうせん,スピードスター,こうそくいどう,オボンのみ,H255D255,すなお,0,1,0,0,0,0,0,0
9,119,アズマオウ,みず,,つのドリル,メガホーン,ねごと,ねむる,せんせいのツメ,H170B170D170,わんぱく,0,0,1,0,0,0,0,0
10,347,アノプス,むし,いわ,メタルクロー,れんぞくぎり,げんしのちから,みずでっぽう,ピントレンズ,H255A255,がんばりや,1,0,0,0,0,0,0,0
11,359,アブソル,あく,,かみつく,かまいたち,みらいよち,でんこうせっか,ひかりのこな,H255A255,いじっぱり,0,1,0,0,0,0,0,0
12,359,アブソル,あく,,すてみタックル,シャドーボール,つばめがえし,アイアンテール,こだわりハチマキ,A255S255,いじっぱり,0,0,1,0,0,0,0,0
13,284,アメモース,むし,ひこう,ぎんいろのかぜ,つばめがえし,こごえるかぜ,しびれごな,クラボのみ,A255B255,のんき,1,1,0,0,0,0,0,0
14,284,アメモース,むし,ひこう,ハイドロポンプ,れいとうビーム,ギガドレイン,しびれごな,のんきのおこう,B255C255,れいせい,0,0,1,0,0,0,0,0
15,168,アリアドス,むし,どく,シグナルビーム,クモのす,ナイトヘッド,どくどく,のんきのおこう,H255A255,まじめ,1,0,0,0,0,0,0,0
16,159,アリゲイツ,みず,,きりさく,みずのはどう,かみつく,こわいかお,ピントレンズ,A255C255,すなお,1,1,0,0,0,0,0,0
17,159,アリゲイツ,みず,,メガトンキック,つばめがえし,いわなだれ,あなをほる,きあいのハチマキ,H255A255,いじっぱり,0,0,1,0,0,0,0,0
18,201,アンノーン,エスパー,,めざめるパワー,,,,のんきのおこう,H170 A170 C170,がんばりや,1,0,0,0,0,0,0,0
19,133,イーブイ,ノーマル,,あまえる,メロメロ,じたばた,こらえる,カムラのみ,H255 S255,すなお,1,0,0,0,0,0,0,0
20,221,イノムー,じめん,こおり,あなをほる,げんしのちから,あられ,ひかりのかべ,やわらかいすな,H255A255,きまぐれ,0,1,0,0,0,0,0,0
21,221,イノムー,じめん,こおり,じしん,いわなだれ,のしかかり,ほえる,かいがらのすず,B255D255,いじっぱり,0,0,1,0,0,0,0,0
22,314,イルミーゼ,むし,,ぎんいろのかぜ,ねがいごと,でんこうせっか,てだすけ,チイラのみ,H255A255,きまぐれ,1,1,0,0,0,0,0,0
23,314,イルミーゼ,むし,,ぎんいろのかぜ,10まんボルト,れいとうパンチ,ギガドレイン,ヤタピのみ,C255 S255,きまぐれ,0,0,1,0,0,0,0,0
24,95,イワーク,いわ,,いわなだれ,しめつける,りゅうのいぶき,すなあらし,オボンのみ,H170B170D170,がんばりや,1,0,0,0,0,0,0,0
25,59,ウインディ,ほのお,,かえんほうしゃ,しんそく,かみくだく,のしかかり,おうじゃのしるし,A255S255,いじっぱり,0,0,0,1,0,0,0,1
26,59,ウインディ,ほのお,,だいもんじ,にほんばれ,かみくだく,ほえる,ラムのみ,C255 S255,すなお,0,0,0,0,1,0,0,1
27,59,ウインディ,ほのお,,オーバーヒート,しんそく,かみくだく,つばめがえし,しろいハーブ,C255 S255,ひかえめ,0,0,0,0,0,1,0,1
28,59,ウインディ,ほのお,,オーバーヒート,しんそく,かみくだく,すてみタックル,しろいハーブ,C255 S255,すなお,0,0,0,0,0,0,1,1
29,185,ウソッキー,いわ,,いわなだれ,だましうち,すなあらし,とおせんぼう,かたいいし,H255D255,がんばりや,1,1,0,0,0,0,0,0
30,185,ウソッキー,いわ,,メガトンキック,じしん,けたぐり,じばく,きあいのハチマキ,H255D255,がんばりや,0,0,1,0,0,0,0,0
31,70,ウツドン,くさ,どく,はっぱカッター,ようかいえき,まきつく,あまいかおり,ピントレンズ,H255C255,れいせい,1,1,0,0,0,0,0,0
32,70,ウツドン,くさ,どく,ヘドロばくだん,はっぱカッター,ねむりごな,リフレクター,ピントレンズ,B255D255,きまぐれ,0,0,1,0,0,0,0,0
33,71,ウツボット,くさ,どく,ギガドレイン,ねむりごな,あまいかおり,こうごうせい,オボンのみ,B255D255,れいせい,0,0,0,1,0,0,0,1
34,71,ウツボット,くさ,どく,ギガドレイン,ヘドロばくだん,ねむりごな,メロメロ,たべのこし,A255C255,まじめ,0,0,0,0,1,0,0,1
35,71,ウツボット,くさ,どく,しびれごな,ねをはる,ギガドレイン,ヘドロばくだん,ひかりのこな,A255C255,きまぐれ,0,0,0,0,0,1,0,1
36,71,ウツボット,くさ,どく,ギガドレイン,すてみタックル,ヘドロばくだん,こうごうせい,ひかりのこな,A255C255,きまぐれ,0,0,0,0,0,0,1,1
37,227,エアームド,はがね,ひこう,はがねのつばさ,エアカッター,カウンター,こうそくいどう,ピントレンズ,H170A170D170,いじっぱり,0,0,0,1,0,0,0,1
38,227,エアームド,はがね,ひこう,まきびし,ほえる,ドリルくちばし,どくどく,ひかりのこな,H170A170D170,しんちょう,0,0,0,0,1,0,0,1
39,227,エアームド,はがね,ひこう,どくどく,のろい,ねむる,そらをとぶ,カゴのみ,H255D255,しんちょう,0,0,0,0,0,1,0,1
40,227,エアームド,はがね,ひこう,ドリルくちばし,はがねのつばさ,カウンター,いわなだれ,せんせいのツメ,H255A255,いじっぱり,0,0,0,0,0,0,1,1
41,190,エイパム,ノーマル,,みだれひっかき,すなかけ,バトンタッチ,こうそくいどう,シルクのスカーフ,H255A255,のんき,1,0,0,0,0,0,0,0
42,196,エーフィ,エスパー,,サイコキネシス,かみつく,メロメロ,めいそう,ひかりのこな,C255 S255,ひかえめ,0,0,0,0,0,0,1,1
43,196,エーフィ,エスパー,,サイコキネシス,かみつく,ねがいごと,リフレクター,ラムのみ,C255 S255,ひかえめ,0,0,0,0,0,1,0,1
44,196,エーフィ,エスパー,,サイコキネシス,シャドーボール,めいそう,ねむる,カゴのみ,A255S255,すなお,0,0,0,0,1,0,0,1
45,196,エーフィ,エスパー,,サイコキネシス,あまえる,めいそう,バトンタッチ,ラムのみ,B170D170S170,ひかえめ,0,0,0,1,0,0,0,1
46,301,エネコロロ,ノーマル,,ひみつのちから,だましうち,かげぶんしん,いやしのすず,オボンのみ,H255A255,さみしがり,1,1,0,0,0,0,0,0
47,301,エネコロロ,ノーマル,,うそなき,うたう,10まんボルト,れいとうビーム,せんせいのツメ,C255 S255,ひかえめ,0,0,1,0,0,0,0,0
48,107,エビワラー,かくとう,,マッハパンチ,スカイアッパー,みきり,カウンター,おうじゃのしるし,H255B255,いじっぱり,0,1,0,0,0,0,0,0
49,107,エビワラー,かくとう,,ばくれつパンチ,マッハパンチ,みきり,カウンター,おうじゃのしるし,H255B255,いじっぱり,0,0,1,0,0,0,0,0
50,239,エレキッド,でんき,,かみなりパンチ,でんこうせっか,スピードスター,ひかりのかべ,クラボのみ,H255C255,むじゃき,1,0,0,0,0,0,0,0
51,125,エレブー,でんき,,かみなり,あまごい,メロメロ,きあいパンチ,たべのこし,A170C170S170,きまぐれ,0,0,0,0,1,0,0,1
52,125,エレブー,でんき,,10まんボルト,サイコキネシス,メガトンキック,クロスチョップ,ピントレンズ,A255C255,すなお,0,0,0,0,0,0,1,1
53,125,エレブー,でんき,,10まんボルト,でんじは,かわらわり,ひかりのかべ,クラボのみ,H170B170C170,のんき,0,0,0,1,0,0,0,1
54,125,エレブー,でんき,,ほのおのパンチ,れいとうパンチ,10まんボルト,クロスチョップ,ラムのみ,C255 S255,きまぐれ,0,0,0,0,0,1,0,1
55,244,エンテイ,ほのお,,かえんほうしゃ,かげぶんしん,めいそう,ねむる,カゴのみ,C255 S255,ひかえめ,0,0,0,0,0,0,0,1
56,244,エンテイ,ほのお,,かえんほうしゃ,すてみタックル,いばる,じこあんじ,ラムのみ,A255S255,すなお,0,0,0,0,0,0,0,1
57,244,エンテイ,ほのお,,かえんほうしゃ,かみつく,かげぶんしん,リフレクター,おうじゃのしるし,C255 S255,ひかえめ,0,0,0,0,0,0,0,1
58,244,エンテイ,ほのお,,かえんほうしゃ,めいそう,ほえる,ねむる,カゴのみ,B255D256,ひかえめ,0,0,0,0,0,0,0,1
59,244,エンテイ,ほのお,,だいもんじ,にほんばれ,ソーラービーム,リフレクター,ひかりのこな,C255 S255,ひかえめ,0,0,0,0,0,0,0,1
60,244,エンテイ,ほのお,,だいもんじ,すてみタックル,こらえる,リフレクター,カムラのみ,B255D255,すなお,0,0,0,0,0,0,0,1
61,277,オオスバメ,ノーマル,ひこう,そらをとぶ,がむしゃら,からげんき,でんこうせっか,おうじゃのしるし,H255D255,いじっぱり,0,1,0,0,0,0,0,0
62,277,オオスバメ,ノーマル,ひこう,からげんき,つばめがえし,おいうち,かげぶんしん,おうじゃのしるし,H255D255,いじっぱり,0,0,1,0,0,0,0,0
63,160,オーダイル,みず,,なみのり,あまごい,つばめがえし,ほえる,ラムのみ,H170C170D170,れいせい,0,0,0,1,0,0,0,1
64,160,オーダイル,みず,,なみのり,ドラゴンクロー,かわらわり,こわいかお,せんせいのツメ,H170C170D170,なまいき,0,0,0,0,1,0,0,1
65,160,オーダイル,みず,,ハイドロポンプ,かみくだく,じしん,いわなだれ,ピントレンズ,H170A170C170,がんばりや,0,0,0,0,0,1,0,1
66,160,オーダイル,みず,,ハイドロポンプ,れいとうビーム,じしん,つばめがえし,ピントレンズ,H170A170C170,がんばりや,0,0,0,0,0,0,1,1
67,162,オオタチ,ノーマル,,たたきつける,まもる,てだすけ,このゆびとまれ,チイラのみ,B255D255,まじめ,1,1,0,0,0,0,0,0
68,162,オオタチ,ノーマル,,トリック,やつあたり,シャドーボール,このゆびとまれ,こだわりハチマキ,A255S255,いじっぱり,0,0,1,0,0,0,0,0
69,224,オクタン,みず,,オクタンほう,オーロラビーム,サイケこうせん,ロックブラスト,かいがらのすず,A255C255,がんばりや,0,1,0,0,0,0,0,0
70,224,オクタン,みず,,オクタンほう,だいもんじ,でんじは,どろかけ,のんきのおこう,H170B170D170,きまぐれ,0,0,1,0,0,0,0,0
71,57,オコリザル,かくとう,,からてチョップ,カウンター,いばる,いやなおと,ピントレンズ,H170B170D170,きまぐれ,0,1,0,0,0,0,0,0
72,57,オコリザル,かくとう,,クロスチョップ,がんせきふうじ,オーバーヒート,ビルドアップ,ピントレンズ,H170B170D170,きまぐれ,0,0,1,0,0,0,0,0
73,234,オドシシ,ノーマル,,じんつうりき,あやしいひかり,ふみつけ,すなかけ,まがったスプーン,H255C255,おとなしい,0,1,0,0,0,0,0,0
74,234,オドシシ,ノーマル,,やつあたり,シャドーボール,でんじは,あやしいひかり,のんきのおこう,A255S255,いじっぱり,0,0,1,0,0,0,0,0
75,362,オニゴーリ,こおり,,れいとうビーム,かみくだく,あられ,まもる,ヤタピのみ,H255C255,ひかえめ,0,0,0,1,0,0,0,1
76,362,オニゴーリ,こおり,,だいばくはつ,こらえる,のしかかり,こごえるかぜ,カムラのみ,A255S255,きまぐれ,0,0,0,0,1,0,0,1
77,362,オニゴーリ,こおり,,ふぶき,じしん,すてみタックル,シャドーボール,かいがらのすず,A170C170S170,がんばりや,0,0,0,0,0,1,0,1
78,362,オニゴーリ,こおり,,れいとうビーム,じしん,かみくだく,シャドーボール,たべのこし,H170A170C170,がんばりや,0,0,0,0,0,0,1,1
79,22,オニドリル,ノーマル,ひこう,ドリルくちばし,トライアタック,からげんき,どろかけ,するどいくちばし,A255S255,いじっぱり,0,0,0,1,0,0,0,1
80,22,オニドリル,ノーマル,ひこう,ドリルくちばし,トライアタック,メロメロ,おいうち,きあいのハチマキ,A255S255,いじっぱり,0,0,0,0,1,0,0,1
81,22,オニドリル,ノーマル,ひこう,ドリルくちばし,おんがえし,はがねのつばさ,だましうち,ピントレンズ,A255S255,がんばりや,0,0,0,0,0,1,0,1
82,22,オニドリル,ノーマル,ひこう,ドリルくちばし,すてみタックル,はがねのつばさ,ゴッドバード,ラムのみ,A255C255,がんばりや,0,0,0,0,0,0,1,1
83,139,オムスター,みず,いわ,バブルこうせん,とげキャノン,くすぐる,げんしのちから,かいがらのすず,H255C255,きまぐれ,0,1,0,0,0,0,0,0
84,139,オムスター,みず,いわ,ハイドロポンプ,あまごい,れいとうビーム,まもる,オボンのみ,H255D255,ひかえめ,0,0,1,0,0,0,0,0
85,138,オムナイト,みず,いわ,マッドショット,みずでっぽう,げんしのちから,くすぐる,オボンのみ,H170A170C170,きまぐれ,1,0,0,0,0,0,0,0
86,58,ガーディ,ほのお,,かえんぐるま,かみつく,ほえる,こうそくいどう,チーゴのみ,H255C255,すなお,1,0,0,0,0,0,0,0
87,68,カイリキー,かくとう,,クロスチョップ,いわなだれ,カウンター,こわいかお,ピントレンズ,H255A255,いじっぱり,0,0,0,1,0,0,0,1
88,68,カイリキー,かくとう,,クロスチョップ,じしん,ビルドアップ,ねむる,カゴのみ,H170B170D170,いじっぱり,0,0,0,0,1,0,0,1
89,68,カイリキー,かくとう,,クロスチョップ,だいもんじ,かみなりパンチ,れいとうパンチ,せんせいのツメ,A255C255,がんばりや,0,0,0,0,0,1,0,1
90,68,カイリキー,かくとう,,クロスチョップ,じしん,かえんほうしゃ,いわなだれ,ピントレンズ,A255C255,がんばりや,0,0,0,0,0,0,1,1
91,68,カイリキー,かくとう,,きあいパンチ,みがわり,メロメロ,かげぶんしん,ひかりのこな,H255A255,いじっぱり,0,0,0,0,0,0,0,1
92,68,カイリキー,かくとう,,クロスチョップ,じしん,カウンター,がんせきふうじ,きあいのハチマキ,H255A255,いじっぱり,0,0,0,0,0,0,0,1
93,68,カイリキー,かくとう,,クロスチョップ,すてみタックル,じしん,いわなだれ,ピントレンズ,H255A255,いじっぱり,0,0,0,0,0,0,0,1
94,68,カイリキー,かくとう,,リベンジ,いわなだれ,からげんき,カウンター,きあいのハチマキ,H255A255,いじっぱり,0,0,0,0,0,0,0,1
95,149,カイリュー,ドラゴン,ひこう,かみなり,なみのり,あまごい,じしん,せんせいのツメ,H255C255,すなお,0,0,0,0,0,0,0,1
96,149,カイリュー,ドラゴン,ひこう,げきりん,すてみタックル,でんじは,ほえる,ラムのみ,A255C255,すなお,0,0,0,0,0,0,0,1
97,149,カイリュー,ドラゴン,ひこう,じしん,つばめがえし,かわらわり,りゅうのまい,ひかりのこな,H170B170D170,いじっぱり,0,0,0,0,0,0,0,1
98,149,カイリュー,ドラゴン,ひこう,じしん,すてみタックル,つばめがえし,りゅうのまい,ひかりのこな,H170B170D171,いじっぱり,0,0,0,0,0,0,0,1
99,149,カイリュー,ドラゴン,ひこう,だいもんじ,ふぶき,にほんばれ,じしん,せんせいのツメ,H255C255,すなお,0,0,0,0,0,0,0,1
100,149,カイリュー,ドラゴン,ひこう,ドラゴンクロー,10まんボルト,なみのり,かえんほうしゃ,かいがらのすず,C255S255,ひかえめ,0,0,0,0,0,0,0,1
101,149,カイリュー,ドラゴン,ひこう,ドラゴンクロー,10まんボルト,なみのり,れいとうビーム,かいがらのすず,C255S255,ひかえめ,0,0,0,0,0,0,0,1
102,149,カイリュー,ドラゴン,ひこう,ドラゴンクロー,かえんほうしゃ,れいとうビーム,かわらわり,かいがらのすず,C255S255,ひかえめ,0,0,0,0,0,0,0,1
103,149,カイリュー,ドラゴン,ひこう,はかいこうせん,メロメロ,かげぶんしん,でんじは,たべのこし,A170B170D170,いじっぱり,0,0,0,0,0,0,0,1
104,149,カイリュー,ドラゴン,ひこう,はかいこうせん,でんじは,りゅうのまい,ねむる,カゴのみ,H170B170D170,いじっぱり,0,0,0,0,0,0,0,1
105,127,カイロス,むし,,じごくぐるま,きあいだめ,つるぎのまい,リベンジ,くろおび,H255A255,やんちゃ,0,1,0,0,0,0,0,0
106,127,カイロス,むし,,ハサミギロチン,つるぎのまい,じたばた,こらえる,カムラのみ,H255S255,ようき,0,0,1,0,0,0,0,0
107,352,カクレオン,ノーマル,,ひみつのちから,サイケこうせん,マジックコート,ちきゅうなげ,きあいのハチマキ,H170A170B170,むじゃき,0,1,0,0,0,0,0,0
108,352,カクレオン,ノーマル,,トリック,かわらわり,シャドーボール,スキルスワップ,こだわりハチマキ,H255B255,すなお,0,0,1,0,0,0,0,0
109,143,カビゴン,ノーマル,,からげんき,シャドーボール,メロメロ,かげぶんしん,たべのこし,A255B255,いじっぱり,0,0,0,1,0,0,0,1
110,143,カビゴン,ノーマル,,じしん,いわなだれ,のろい,ねむる,カゴのみ,H170B170D170,いじっぱり,0,0,0,0,1,0,0,1
111,143,カビゴン,ノーマル,,メガトンキック,シャドーボール,いばる,じこあんじ,せんせいのツメ,B255D255,いじっぱり,0,0,0,0,0,1,0,1
112,143,カビゴン,ノーマル,,すてみタックル,シャドーボール,かわらわり,のろい,せんせいのツメ,A255B255,いじっぱり,0,0,0,0,0,0,1,1
113,143,カビゴン,ノーマル,,メガトンキック,シャドーボール,かわらわり,カウンター,せんせいのツメ,A255B255,いじっぱり,0,0,0,0,0,0,0,1
114,143,カビゴン,ノーマル,,はかいこうせん,シャドーボール,じしん,のろい,せんせいのツメ,H170B170D170,いじっぱり,0,0,0,0,0,0,0,1
115,143,カビゴン,ノーマル,,じしん,シャドーボール,かわらわり,カウンター,たべのこし,A255B255,いじっぱり,0,0,0,0,0,0,0,1
116,143,カビゴン,ノーマル,,おんがえし,シャドーボール,はらだいこ,ねむる,カゴのみ,H170B170D170,いじっぱり,0,0,0,0,0,0,0,1
117,140,カブト,みず,いわ,メガドレイン,げんしのちから,すなかけ,まもる,オボンのみ,A255C255,がんばりや,1,0,0,0,0,0,0,0
118,141,カブトプス,みず,いわ,きりさく,あなをほる,れんぞくぎり,はたきおとす,ピントレンズ,H255A255,いじっぱり,0,1,0,0,0,0,0,0
119,141,カブトプス,みず,いわ,きりさく,いわなだれ,じたばた,こらえる,カムラのみ,A255D255,いじっぱり,0,0,1,0,0,0,0,0
120,237,カポエラー,かくとう,,トリプルキック,あなをほる,マッハパンチ,でんこうせっか,チイラのみ,H255A255,がんばりや,0,1,0,0,0,0,0,0
121,237,カポエラー,かくとう,,すてみタックル,ちきゅうなげ,いわなだれ,カウンター,きあいのハチマキ,H255B255,いじっぱり,0,0,1,0,0,0,0,0
122,8,カメール,みず,,みずのはどう,かみつく,どろかけ,あくび,きあいのハチマキ,H255C255,すなお,1,1,0,0,0,0,0,0
123,8,カメール,みず,,なみのり,れいとうビーム,こうそくスピン,まもる,かいがらのすず,H255C255,すなお,0,0,1,0,0,0,0,0
124,9,カメックス,みず,,ハイドロポンプ,あまごい,かみつく,ちきゅうなげ,かいがらのすず,H255C255,ひかえめ,0,0,0,1,0,0,0,1
125,9,カメックス,みず,,ハイドロポンプ,メガトンキック,かわらわり,ミラーコート,かいがらのすず,H170A170C170,ゆうかん,0,0,0,0,1,0,0,1
126,9,カメックス,みず,,なみのり,じしん,れいとうビーム,カウンター,きあいのハチマキ,H170A170C170,すなお,0,0,0,0,0,1,0,1
127,9,カメックス,みず,,なみのり,じしん,れいとうビーム,ミラーコート,きあいのハチマキ,H170A170C170,すなお,0,0,0,0,0,0,1,1
128,83,カモネギ,ノーマル,ひこう,きりさく,はたきおとす,つるぎのまい,こうそくいどう,ながねぎ,H170B170D170,のんき,1,0,0,0,0,0,0,0
129,105,ガラガラ,じめん,,ホネブーメラン,いわなだれ,こごえるかぜ,ずつき,ふといホネ,H255A255,いじっぱり,0,0,0,1,0,0,0,1
130,105,ガラガラ,じめん,,じしん,いわなだれ,つるぎのまい,こごえるかぜ,ふといホネ,A255S255,いじっぱり,0,0,0,0,1,0,0,1
131,105,ガラガラ,じめん,,じしん,いわなだれ,つるぎのまい,かわらわり,ふといホネ,A255S255,いじっぱり,0,0,0,0,0,1,0,1
132,105,ガラガラ,じめん,,じしん,いわなだれ,つるぎのまい,メガトンキック,ふといホネ,A255S255,いじっぱり,0,0,0,0,0,0,1,1
133,115,ガルーラ,ノーマル,,ピヨピヨパンチ,かわらわり,カウンター,ねこだまし,きあいのハチマキ,H255A255,いじっぱり,0,0,0,1,0,0,0,1
134,115,ガルーラ,ノーマル,,ブレイククロー,シャドーボール,メロメロ,ねむる,ラムのみ,H255A255,いじっぱり,0,0,0,0,1,0,0,1
135,115,ガルーラ,ノーマル,,きしかいせい,こらえる,10まんボルト,じしん,カムラのみ,A255S255,ようき,0,0,0,0,0,1,0,1
136,115,ガルーラ,ノーマル,,メガトンキック,じしん,つばめがえし,シャドーボール,ひかりのこな,A255S255,いじっぱり,0,0,0,0,0,0,1,1
137,286,キノガッサ,くさ,かくとう,スカイアッパー,マッハパンチ,ずつき,カウンター,おうじゃのしるし,A255S255,ようき,0,0,0,1,0,0,0,1
138,286,キノガッサ,くさ,かくとう,ギガドレイン,やどりぎのタネ,きあいパンチ,キノコのほうし,ひかりのこな,C255 S255,すなお,0,0,0,0,1,0,0,1
139,286,キノガッサ,くさ,かくとう,アイアンテール,きあいパンチ,メロメロ,キノコのほうし,たべのこし,A255S255,いじっぱり,0,0,0,0,0,1,0,1
140,286,キノガッサ,くさ,かくとう,きあいパンチ,ヘドロばくだん,キノコのほうし,かげぶんしん,せんせいのツメ,A255S255,いじっぱり,0,0,0,0,0,0,1,1
141,192,キマワリ,くさ,,はなびらのまい,ねをはる,やどりぎのタネ,ひかりのかべ,キーのみ,H255B255,きまぐれ,0,1,0,0,0,0,0,0
142,192,キマワリ,くさ,,ギガドレイン,くさぶえ,せいちょう,かげぶんしん,たべのこし,H255B255,れいせい,0,0,1,0,0,0,0,0
143,130,ギャラドス,みず,ひこう,おんがえし,かみつく,でんじは,りゅうのまい,ラムのみ,H255D255,しんちょう,0,0,0,1,0,0,0,1
144,130,ギャラドス,みず,ひこう,ハイドロポンプ,10まんボルト,だいもんじ,ふぶき,かいがらのすず,C255 S255,ひかえめ,0,0,0,0,1,0,0,1
145,130,ギャラドス,みず,ひこう,なみのり,かみなり,あまごい,じしん,せんせいのツメ,A255C255,きまぐれ,0,0,0,0,0,1,0,1
146,130,ギャラドス,みず,ひこう,おんがえし,じしん,りゅうのまい,ねむる,カゴのみ,H170B170D170,いじっぱり,0,0,0,0,0,0,1,1
147,78,ギャロップ,ほのお,,かえんほうしゃ,にどげり,でんこうせっか,まもる,もくたん,C255 S255,れいせい,0,0,0,1,0,0,0,1
148,78,ギャロップ,ほのお,,だいもんじ,とびはねる,かげぶんしん,メロメロ,たべのこし,A170C170S170,すなお,0,0,0,0,1,0,0,1
149,78,ギャロップ,ほのお,,オーバーヒート,ソーラービーム,にほんばれ,さいみんじゅつ,しろいハーブ,H170C170S170,ひかえめ,0,0,0,0,0,1,0,1
150,78,ギャロップ,ほのお,,オーバーヒート,すてみタックル,アイアンテール,にどげり,しろいハーブ,A170C170S170,すなお,0,0,0,0,0,0,1,1
151,38,キュウコン,ほのお,,かえんほうしゃ,ほえる,あやしいひかり,おにび,チーゴのみ,C255 S255,ひかえめ,0,0,0,1,0,0,0,1
152,38,キュウコン,ほのお,,ねっぷう,のしかかり,おんねん,にほんばれ,ラムのみ,C255 S255,きまぐれ,0,0,0,0,1,0,0,1
153,38,キュウコン,ほのお,,だいもんじ,アイアンテール,あやしいひかり,メロメロ,ひかりのこな,C255 S255,きまぐれ,0,0,0,0,0,1,0,1
154,38,キュウコン,ほのお,,オーバーヒート,すてみタックル,あやしいひかり,おにび,しろいハーブ,C255 S255,きまぐれ,0,0,0,0,0,0,1,1
155,203,キリンリキ,ノーマル,エスパー,サイケこうせん,ふみつけ,ねがいごと,スキルスワップ,ヤタピのみ,H255C255,れいせい,0,1,0,0,0,0,0,0
156,203,キリンリキ,ノーマル,エスパー,サイコキネシス,かみくだく,バトンタッチ,こうそくいどう,ラムのみ,B255D255,ひかえめ,0,0,1,0,0,0,0,0
157,182,キレイハナ,くさ,,はなびらのまい,しんぴのまもり,にほんばれ,こうごうせい,キーのみ,H255C255,れいせい,0,1,0,0,0,0,0,0
158,182,キレイハナ,くさ,,ソーラービーム,メロメロ,にほんばれ,こうごうせい,ひかりのこな,B255C255,ひかえめ,0,0,1,0,0,0,0,0
159,230,キングドラ,みず,ドラゴン,ハイドロポンプ,りゅうのいぶき,こごえるかぜ,メロメロ,ラムのみ,H255C255,ひかえめ,0,0,0,1,0,0,0,1
160,230,キングドラ,みず,ドラゴン,なみのり,れいとうビーム,りゅうのいぶき,ねむる,カゴのみ,H170B170D170,ひかえめ,0,0,0,0,1,0,0,1
161,230,キングドラ,みず,ドラゴン,じたばた,ハイドロポンプ,りゅうのまい,こらえる,カムラのみ,H170B170D170,いじっぱり,0,0,0,0,0,1,0,1
162,230,キングドラ,みず,ドラゴン,すてみタックル,れいとうビーム,りゅうのまい,ねむる,カゴのみ,H170B170D170,がんばりや,0,0,0,0,0,0,1,1
163,99,キングラー,みず,,クラブハンマー,メタルクロー,マッドショット,まもる,ピントレンズ,H255D255,がんばりや,0,1,0,0,0,0,0,0
164,99,キングラー,みず,,ハサミギロチン,がんせきふうじ,じたばた,こらえる,カムラのみ,H255D255,いじっぱり,0,0,1,0,0,0,0,0
165,44,クサイハナ,くさ,どく,ソーラービーム,にほんばれ,ヘドロばくだん,つきのひかり,モモンのみ,A255C255,きまぐれ,0,0,1,0,0,0,0,0
166,44,クサイハナ,くさ,どく,はなびらのまい,ようかいえき,しびれごな,つきのひかり,キーのみ,H255C255,きまぐれ,1,1,0,0,0,0,0,0
167,303,クチート,はがね,,かみくだく,うそなき,てっぺき,バトンタッチ,ひかりのこな,H255C255,すなお,1,0,0,0,0,0,0,0
168,207,グライガー,じめん,,メタルクロー,あなをほる,つばめがえし,でんこうせっか,ピントレンズ,H255D255,せっかち,0,1,0,0,0,0,0,0
169,207,グライガー,じめん,,じしん,つばめがえし,ハサミギロチン,いやなおと,せんせいのツメ,H255D255,いじっぱり,0,0,1,0,0,0,0,0
170,262,グラエナ,あく,,かみつく,どくどくのキバ,ちょうはつ,ほえる,メンタルハーブ,A255C255,おくびょう,0,1,0,0,0,0,0,0
171,262,グラエナ,あく,,かみくだく,シャドーボール,やつあたり,こわいかお,おうじゃのしるし,B255C255,きまぐれ,0,0,1,0,0,0,0,0
172,98,クラブ,みず,,クラブハンマー,マッドショット,じたばた,はたきおとす,きあいのハチマキ,H255A255,がんばりや,1,0,0,0,0,0,0,0
173,210,グランブル,ノーマル,,メガトンキック,きつけ,でんじは,ほえる,クラボのみ,H255A255,いじっぱり,0,0,0,1,0,0,0,1
174,210,グランブル,ノーマル,,オーバーヒート,10まんボルト,れいとうパンチ,からげんき,しろいハーブ,C255D255,れいせい,0,0,0,0,1,0,0,1
175,210,グランブル,ノーマル,,すてみタックル,じしん,ヘドロばくだん,いわなだれ,せんせいのツメ,H255A255,いじっぱり,0,0,0,0,0,1,0,1
176,210,グランブル,ノーマル,,メガトンキック,じしん,かみくだく,シャドーボール,こだわりハチマキ,A255C255,ゆうかん,0,0,0,0,0,0,1,1
177,169,クロバット,どく,ひこう,ヘドロばくだん,かみつく,おどろかす,いやなおと,おうじゃのしるし,H170A170C170,きまぐれ,0,0,0,1,0,0,0,1
178,169,クロバット,どく,ひこう,どくどく,ギガドレイン,あやしいひかり,かげぶんしん,たべのこし,H170B170D170,おだやか,0,0,0,0,1,0,0,1
179,169,クロバット,どく,ひこう,エアカッター,すてみタックル,シャドーボール,いやなおと,ピントレンズ,A255S255,いじっぱり,0,0,0,0,0,1,0,1
180,169,クロバット,どく,ひこう,ヘドロばくだん,つばめがえし,シャドーボール,あやしいひかり,ひかりのこな,A255S255,いじっぱり,0,0,0,0,0,0,1,1
181,289,ケッキング,ノーマル,,あくび,ビルドアップ,いばる,つばめがえし,ピントレンズ,H170B170D170,いじっぱり,0,0,0,1,0,0,0,1
182,289,ケッキング,ノーマル,,メガトンキック,シャドーボール,あくび,ドわすれ,たべのこし,B255D255,いじっぱり,0,0,0,0,1,0,0,1
183,289,ケッキング,ノーマル,,じしん,シャドーボール,つばめがえし,かわらわり,こだわりハチマキ,B255D255,いじっぱり,0,0,0,0,0,1,0,1
184,289,ケッキング,ノーマル,,10まんボルト,かえんほうしゃ,れいとうビーム,あくび,ラムのみ,C255D255,ひかえめ,0,0,0,0,0,0,1,1
185,94,ゲンガー,どく,ゴースト,ゆめくい,さいみんじゅつ,あやしいひかり,メロメロ,たべのこし,H170C170S170,おくびょう,0,0,0,1,0,0,0,1
186,94,ゲンガー,どく,ゴースト,ヘドロばくだん,シャドーボール,あやしいひかり,おにび,たべのこし,A255S255,いじっぱり,0,0,0,0,1,0,0,1
187,94,ゲンガー,どく,ゴースト,サイコキネシス,10まんボルト,ギガドレイン,スキルスワップ,せんせいのツメ,C255 S255,ひかえめ,0,0,0,0,0,1,0,1
188,94,ゲンガー,どく,ゴースト,サイコキネシス,ほのおのパンチ,れいとうパンチ,みちづれ,ラムのみ,C255 S255,ひかえめ,0,0,0,0,0,0,1,1
189,94,ゲンガー,どく,ゴースト,サイコキネシス,10まんボルト,ほのおのパンチ,みちづれ,ラムのみ,C255 S255,ひかえめ,0,0,0,0,0,0,0,1
190,94,ゲンガー,どく,ゴースト,サイコキネシス,10まんボルト,れいとうパンチ,みちづれ,ラムのみ,C255 S255,ひかえめ,0,0,0,0,0,0,0,1
191,94,ゲンガー,どく,ゴースト,サイコキネシス,シャドーボール,10まんボルト,ほのおのパンチ,ひかりのこな,C255 S255,ひかえめ,0,0,0,0,0,0,0,1
192,94,ゲンガー,どく,ゴースト,サイコキネシス,シャドーボール,10まんボルト,れいとうパンチ,ひかりのこな,C255 S255,ひかえめ,0,0,0,0,0,0,0,1
193,128,ケンタロス,ノーマル,,じしん,あばれる,いばる,からげんき,キーのみ,A255S255,いじっぱり,0,0,0,1,0,0,0,1
194,128,ケンタロス,ノーマル,,すてみタックル,じしん,かげぶんしん,ねむる,カゴのみ,H255A255,いじっぱり,0,0,0,0,1,0,0,1
195,128,ケンタロス,ノーマル,,すてみタックル,じしん,かえんほうしゃ,れいとうビーム,たべのこし,A255C255,すなお,0,0,0,0,0,1,0,1
196,128,ケンタロス,ノーマル,,すてみタックル,がんせきふうじ,10まんボルト,なみのり,ひかりのこな,A255C255,すなお,0,0,0,0,0,0,1,1
197,93,ゴースト,どく,ゴースト,シャドーパンチ,あやしいひかり,うらみ,おんねん,キーのみ,H255A255,うっかりや,1,1,0,0,0,0,0,0
198,93,ゴースト,どく,ゴースト,サイコキネシス,さいみんじゅつ,あくむ,あやしいひかり,ラムのみ,H170B170D170,のんき,0,0,1,0,0,0,0,0
199,324,コータス,ほのお,,ひのこ,ほのおのうず,えんまく,ドわすれ,オボンのみ,H255D255,のんき,0,1,0,0,0,0,0,0
200,324,コータス,ほのお,,オーバーヒート,のしかかり,えんまく,まもる,しろいハーブ,H255D255,なまいき,0,0,1,0,0,0,0,0
201,67,ゴーリキー,かくとう,,けたぐり,がんせきふうじ,みやぶる,こわいかお,きあいのハチマキ,H255D255,いじっぱり,1,1,0,0,0,0,0,0
202,67,ゴーリキー,かくとう,,クロスチョップ,いわなだれ,みやぶる,こわいかお,ピントレンズ,H255A255,いじっぱり,0,0,1,0,0,0,0,0
203,304,ココドラ,はがね,いわ,メタルクロー,つばめがえし,きんぞくおん,ほえる,キーのみ,H255A255,すなお,1,0,0,0,0,0,0,0
204,305,コドラ,はがね,いわ,メタルクロー,がんせきふうじ,てっぺき,まもる,メタルコート,H255D255,なまいき,0,1,0,0,0,0,0,0
205,305,コドラ,はがね,いわ,じしん,アイアンテール,ほえる,まもる,オボンのみ,H255D255,なまいき,0,0,1,0,0,0,0,0
206,23,コノハナ,くさ,あく,じんつうりき,ねこだまし,かまいたち,だましうち,オボンのみ,H255C255,がんばりや,1,0,0,0,0,0,0,0
207,231,ゴマゾウ,じめん,,ころがる,まるくなる,がんせきふうじ,すなあらし,のんきのおこう,H255A255,やんちゃ,1,0,0,0,0,0,0,0
208,372,コモルー,ドラゴン,,ずつき,りゅうのいぶき,まもる,こわいかお,クラボのみ,H170A170D170,がんばりや,0,1,0,0,0,0,0,0
209,372,コモルー,ドラゴン,,やつあたり,りゅうのまい,かみくだく,こわいかお,きあいのハチマキ,H255D255,がんばりや,0,0,1,0,0,0,0,0
210,55,ゴルダック,みず,,ハイドロポンプ,あなをほる,かわらわり,ひかりのかべ,かいがらのすず,A255C255,れいせい,0,0,0,1,0,0,0,1
211,55,ゴルダック,みず,,クロスチョップ,なみのり,いばる,じこあんじ,ラムのみ,A170C170S170,きまぐれ,0,0,0,0,1,0,0,1
212,55,ゴルダック,みず,,ハイドロポンプ,クロスチョップ,ふぶき,まもる,かいがらのすず,A255C255,すなお,0,0,0,0,0,1,0,1
213,55,ゴルダック,みず,,なみのり,クロスチョップ,れいとうビーム,つばめがえし,ピントレンズ,A255S255,すなお,0,0,0,0,0,0,1,1
214,42,ゴルバット,どく,ひこう,エアカッター,あやしいひかり,どくどく,はがねのつばさ,ピントレンズ,H255A255,のんき,0,1,0,0,0,0,0,0
215,42,ゴルバット,どく,ひこう,ヘドロばくだん,シャドーボール,あやしいひかり,エアカッター,ピントレンズ,H255A255,いじっぱり,0,0,1,0,0,0,0,0
216,76,ゴローニャ,いわ,じめん,じしん,のしかかり,カウンター,がんせきふうじ,せんせいのツメ,A255D255,いじっぱり,0,0,0,1,0,0,0,1
217,76,ゴローニャ,いわ,じめん,きあいパンチ,みがわり,かげぶんしん,ねむる,カゴのみ,H255A255,いじっぱり,0,0,0,0,1,0,0,1
218,76,ゴローニャ,いわ,じめん,だいばくはつ,じしん,かえんほうしゃ,かわらわり,せんせいのツメ,A255D255,いじっぱり,0,0,0,0,0,1,0,1
219,76,ゴローニャ,いわ,じめん,だいばくはつ,じしん,いわなだれ,すてみタックル,せんせいのツメ,A255D255,いじっぱり,0,0,0,0,0,0,1,1
220,75,ゴローン,いわ,じめん,マグニチュード,いわおとし,まるくなる,かわらわり,きあいのハチマキ,H170A170D170,いじっぱり,1,1,0,0,0,0,0,0
221,75,ゴローン,いわ,じめん,じしん,いわなだれ,かわらわり,カウンター,きあいのハチマキ,H255D255,いじっぱり,0,0,1,0,0,0,0,0
222,282,サーナイト,エスパー,,ゆめくい,さいみんじゅつ,マジカルリーフ,リフレクター,たべのこし,H170B170S170,おくびょう,0,0,0,1,0,0,0,1
223,282,サーナイト,エスパー,,サイコキネシス,めいそう,かげぶんしん,ねむる,カゴのみ,H255B255,ひかえめ,0,0,0,0,1,0,0,1
224,282,サーナイト,エスパー,,サイコキネシス,れいとうパンチ,ほのおのパンチ,マジカルリーフ,ラムのみ,C255 S255,ひかえめ,0,0,0,0,0,1,0,1
225,282,サーナイト,エスパー,,サイコキネシス,10まんボルト,れいとうパンチ,ほのおのパンチ,ひかりのこな,C255 S255,ひかえめ,0,0,0,0,0,0,1,1
226,282,サーナイト,エスパー,,サイコキネシス,10まんボルト,おにび,みちづれ,ラムのみ,H255S255,おくびょう,0,0,0,0,0,0,0,1
227,282,サーナイト,エスパー,,サイコキネシス,シャドーボール,こらえる,みちづれ,カムラのみ,H170B170S170,すなお,0,0,0,0,0,0,0,1
228,282,サーナイト,エスパー,,サイコキネシス,マジカルリーフ,メロメロ,かげぶんしん,ひかりのこな,C255 S255,ひかえめ,0,0,0,0,0,0,0,1
229,282,サーナイト,エスパー,,サイコキネシス,めいそう,おにび,みちづれ,せんせいのツメ,H170B170D170,ずぶとい,0,0,0,0,0,0,0,1
230,112,サイドン,じめん,いわ,じしん,がんせきふうじ,こわいかお,かわらわり,せんせいのツメ,H170A170D170,いじっぱり,0,0,0,1,0,0,0,1
231,112,サイドン,じめん,いわ,メガホーン,じしん,いわなだれ,つのドリル,せんせいのツメ,H255A255,いじっぱり,0,0,0,0,0,0,1,1
232,112,サイドン,じめん,いわ,じしん,つのドリル,いわなだれ,かわらわり,せんせいのツメ,A255D255,いじっぱり,0,0,0,0,1,0,0,1
233,112,サイドン,じめん,いわ,メガホーン,ブレイククロー,じしん,つのドリル,せんせいのツメ,H255A255,いじっぱり,0,0,0,0,0,1,0,1
234,111,サイホーン,じめん,いわ,ロックブラスト,あなをほる,こわいかお,ほえる,きあいのハチマキ,H255A255,がんばりや,1,0,0,0,0,0,0,0
235,368,サクラビス,みず,,うずしお,ドわすれ,こごえるかぜ,ねんりき,キーのみ,H255C255,ゆうかん,0,1,0,0,0,0,0,0
236,368,サクラビス,みず,,なみのり,あまごい,サイコキネシス,のしかかり,かいがらのすず,H255D255,れいせい,0,0,1,0,0,0,0,0
237,247,サナギラス,あく,じめん,あなをほる,かみつく,こわいかお,すなあらし,やわらかいすな,H255S255,がんばりや,1,1,0,0,0,0,0,0
238,247,サナギラス,あく,じめん,じしん,いわなだれ,かみくだく,こわいかお,ピントレンズ,H255A255,がんばりや,0,0,1,0,0,0,0,0
239,222,サニーゴ,みず,いわ,バブルこうせん,ミラーコート,メロメロ,げんしのちから,オボンのみ,H170B170D170,わんぱく,1,0,0,0,0,0,0,0
240,331,サボネア,くさ,,ニードルアーム,だましうち,わたほうし,すなかけ,オボンのみ,H255A255,きまぐれ,1,0,0,0,0,0,0,0
241,356,サマヨール,ゴースト,,おにび,ちきゅうなげ,いたみわけ,あやしいひかり,たべのこし,H170B170D170,わんぱく,0,0,0,1,0,0,0,1
242,356,サマヨール,ゴースト,,どくどく,あやしいひかり,かげぶんしん,まもる,たべのこし,H170B170D170,わんぱく,0,0,0,0,1,0,0,1
243,356,サマヨール,ゴースト,,じこあんじ,いばる,シャドーボール,じしん,たべのこし,H170B170D170,いじっぱり,0,0,0,0,0,1,0,1
244,356,サマヨール,ゴースト,,すてみタックル,シャドーボール,のろい,ねむる,カゴのみ,H255A255,いじっぱり,0,0,0,0,0,0,1,1
245,319,サメハダー,みず,あく,きりさく,かみつく,みずのはどう,こわいかお,ピントレンズ,A255D255,いじっぱり,0,1,0,0,0,0,0,0
246,319,サメハダー,みず,あく,すてみタックル,かみくだく,じしん,なみのり,ピントレンズ,A170C170S170,きまぐれ,0,0,1,0,0,0,0,0
247,106,サワムラー,かくとう,,まわしげり,かわらわり,きあいだめ,からげんき,くろおび,H255B255,いじっぱり,0,1,0,0,0,0,0,0
248,106,サワムラー,かくとう,,メガトンキック,かわらわり,みやぶる,がんせきふうじ,のんきのおこう,H255B255,いじっぱり,0,0,1,0,0,0,0,0
249,335,ザングース,ノーマル,,きりさく,にどげり,ほえる,でんこうせっか,キーのみ,H255A255,がんばりや,0,1,0,0,0,0,0,0
250,335,ザングース,ノーマル,,ブレイククロー,シャドーボール,かわらわり,つばめがえし,ピントレンズ,A255S255,いじっぱり,0,0,1,0,0,0,0,0
251,145,サンダー,でんき,ひこう,10まんボルト,ドリルくちばし,でんじは,ほえる,ラムのみ,C255 S255,すなお,0,0,0,0,0,0,0,1
252,145,サンダー,でんき,ひこう,10まんボルト,ドリルくちばし,でんじは,みがわり,たべのこし,A170C170S170,すなお,0,0,0,0,0,0,0,1
253,145,サンダー,でんき,ひこう,10まんボルト,ドリルくちばし,でんじは,ひかりのかべ,かいがらのすず,A255C255,すなお,0,0,0,0,0,0,0,1
254,145,サンダー,でんき,ひこう,10まんボルト,ドリルくちばし,すてみタックル,でんじは,ピントレンズ,A255C255,すなお,0,0,0,0,0,0,0,1
255,145,サンダー,でんき,ひこう,かみなり,ドリルくちばし,あまごい,すてみタックル,ラムのみ,A170C170S170,すなお,0,0,0,0,0,0,0,1
256,145,サンダー,でんき,ひこう,かみなり,あまごい,ドリルくちばし,かげぶんしん,ひかりのこな,A255S255,すなお,0,0,0,0,0,0,0,1
257,135,サンダース,でんき,,10まんボルト,でんじは,かみつく,シャドーボール,おうじゃのしるし,C255 S255,おくびょう,0,0,0,0,0,0,1,1
258,135,サンダース,でんき,,10まんボルト,でんじは,こうそくいどう,バトンタッチ,ひかりのこな,H170B170D170,ずぶとい,0,0,0,0,0,1,0,1
259,135,サンダース,でんき,,10まんボルト,あなをほる,にどげり,ほえる,ピントレンズ,A255C255,がんばりや,0,0,0,0,1,0,0,1
260,135,サンダース,でんき,,10まんボルト,でんじは,メロメロ,まもる,クラボのみ,C255 S255,ひかえめ,0,0,0,1,0,0,0,1
261,28,サンドパン,じめん,,ブレイククロー,いわなだれ,スピードスター,すなあらし,オボンのみ,H255D255,いじっぱり,0,1,0,0,0,0,0,0
262,28,サンドパン,じめん,,じしん,いわなだれ,ブレイククロー,すなあらし,せんせいのツメ,H255D255,いじっぱり,0,0,1,0,0,0,0,0
263,117,シードラ,みず,,オーロラビーム,えんまく,みずでっぽう,あまごい,しんぴのしずく,H255C255,なまいき,0,1,0,0,0,0,0,0
264,117,シードラ,みず,,ハイドロポンプ,やつあたり,りゅうのいぶき,りゅうのまい,かいがらのすず,H255D255,すなお,0,0,1,0,0,0,0,0
265,369,ジーランス,みず,いわ,げんしのちから,みずのはどう,かたくなる,ドわすれ,チイラのみ,H170C170D170,なまいき,0,1,0,0,0,0,0,0
266,369,ジーランス,みず,いわ,じしん,いわなだれ,ドわすれ,ねむる,カゴのみ,H255D255,なまいき,0,0,1,0,0,0,0,0
267,342,シザリガー,みず,あく,バブルこうせん,はさむ,はたきおとす,まもる,キーのみ,H170B170D170,いじっぱり,0,1,0,0,0,0,0,0
268,342,シザリガー,みず,あく,ハサミギロチン,やつあたり,げんしのちから,つばめがえし,せんせいのツメ,H255D255,いじっぱり,0,0,1,0,0,0,0,0
269,134,シャワーズ,みず,,なみのり,ほえる,かみつく,でんこうせっか,しんぴのしずく,B170C170D170,ひかえめ,0,0,0,1,0,0,0,1
270,134,シャワーズ,みず,,なみのり,れいとうビーム,のしかかり,シャドーボール,かいがらのすず,H170B170D170,すなお,0,0,0,0,1,0,0,1
271,134,シャワーズ,みず,,なみのり,れいとうビーム,とける,バトンタッチ,せんせいのツメ,H170B170D170,おだやか,0,0,0,0,0,1,0,1
272,134,シャワーズ,みず,,なみのり,れいとうビーム,とける,ねむる,ラムのみ,H170C170D170,おだやか,0,0,0,0,0,0,1,1
273,254,ジュカイン,くさ,,リーフブレード,やどりぎのタネ,つばめがえし,みきり,たべのこし,C255 S255,ひかえめ,0,0,0,1,0,0,0,1
274,254,ジュカイン,くさ,,リーフブレード,かみなりパンチ,メロメロ,かげぶんしん,ラムのみ,C255 S255,ひかえめ,0,0,0,0,1,0,0,1
275,254,ジュカイン,くさ,,リーフブレード,じしん,ブレイククロー,つばめがえし,ピントレンズ,A170C170S170,すなお,0,0,0,0,0,1,0,1
276,254,ジュカイン,くさ,,リーフブレード,ドラゴンクロー,かみくだく,かみなりパンチ,ひかりのこな,C255 S255,ひかえめ,0,0,0,0,0,0,1,1
277,87,ジュゴン,みず,こおり,ぜったいれいど,れいとうビーム,なみのり,シグナルビーム,ラムのみ,A255C255,すなお,0,0,0,0,0,0,1,1
278,87,ジュゴン,みず,こおり,つのドリル,ぜったいれいど,ねごと,ねむる,カゴのみ,H255B255,ずぶとい,0,0,0,0,0,1,0,1
279,87,ジュゴン,みず,こおり,ふぶき,すてみタックル,アンコール,かなしばり,かいがらのすず,A255C255,すなお,0,0,0,0,1,0,0,1
280,87,ジュゴン,みず,こおり,れいとうビーム,こごえるかぜ,ずつき,ねこだまし,とけないこおり,H255C255,れいせい,0,0,0,1,0,0,0,1
281,253,ジュプトル,くさ,,れんぞくぎり,がむしゃら,かわらわり,かげぶんしん,ひかりのこな,H255A255,のんき,1,1,0,0,0,0,0,0
282,253,ジュプトル,くさ,,ギガドレイン,ブレイククロー,いやなおと,がんせきふうじ,ラムのみ,A255S255,すなお,0,0,1,0,0,0,0,0
283,354,ジュペッタ,ゴースト,,ナイトヘッド,おにび,うらみ,はたきおとす,チーゴのみ,H170B170D170,なまいき,0,1,0,0,0,0,0,0
284,354,ジュペッタ,ゴースト,,シャドーボール,やつあたり,いやなおと,おにび,のんきのおこう,B255D255,いじっぱり,0,0,1,0,0,0,0,0
285,245,スイクン,みず,,なみのり,れいとうビーム,あまごい,ほえる,ラムのみ,C255 S255,ひかえめ,0,0,0,0,0,0,0,1
286,245,スイクン,みず,,なみのり,れいとうビーム,かみつく,リフレクター,ひかりのこな,C255 S255,ひかえめ,0,0,0,0,0,0,0,1
287,245,スイクン,みず,,なみのり,れいとうビーム,めいそう,こごえるかぜ,ラムのみ,H255C255,ひかえめ,0,0,0,0,0,0,0,1
288,245,スイクン,みず,,なみのり,れいとうビーム,めいそう,ねむる,カゴのみ,H170B170D170,ひかえめ,0,0,0,0,0,0,0,1
289,245,スイクン,みず,,なみのり,かげぶんしん,めいそう,ねむる,カゴのみ,C255 S255,ひかえめ,0,0,0,0,0,0,0,1
290,245,スイクン,みず,,どくどく,ダイビング,かげぶんしん,まもる,たべのこし,H170B170D170,おだやか,0,0,0,0,0,0,0,1
291,121,スターミー,みず,エスパー,サイコキネシス,あやしいひかり,でんじは,じこさいせい,かいがらのすず,H255C255,ひかえめ,0,0,0,1,0,0,0,1
292,121,スターミー,みず,エスパー,ハイドロポンプ,かみなり,あまごい,じこさいせい,かいがらのすず,H170B170D170,ひかえめ,0,0,0,0,1,0,0,1
293,121,スターミー,みず,エスパー,なみのり,サイコキネシス,10まんボルト,れいとうビーム,ラムのみ,C255 S255,ひかえめ,0,0,0,0,0,1,0,1
294,121,スターミー,みず,エスパー,サイコキネシス,10まんボルト,れいとうビーム,じこさいせい,ラムのみ,C255 S255,ひかえめ,0,0,0,0,0,0,1,1
295,121,スターミー,みず,エスパー,なみのり,10まんボルト,コスモパワー,じこさいせい,ひかりのこな,C255 S255,ひかえめ,0,0,0,0,0,0,0,1
296,121,スターミー,みず,エスパー,なみのり,あやしいひかり,でんじは,じこさいせい,たべのこし,H170B170D170,おだやか,0,0,0,0,0,0,0,1
297,121,スターミー,みず,エスパー,なみのり,サイコキネシス,じこさいせい,ひかりのかべ,ラムのみ,C255 S255,ひかえめ,0,0,0,0,0,0,0,1
298,121,スターミー,みず,エスパー,サイコキネシス,れいとうビーム,コスモパワー,じこさいせい,ひかりのこな,C255 S255,ひかえめ,0,0,0,0,0,0,0,1
299,123,ストライク,むし,ひこう,れんぞくぎり,つばめがえし,ひかりのかべ,かげぶんしん,チイラのみ,H255A255,のんき,0,1,0,0,0,0,0,0
300,123,ストライク,むし,ひこう,ぎんいろのかぜ,つばめがえし,つるぎのまい,かげぶんしん,ひかりのこな,A255S255,いじっぱり,0,0,1,0,0,0,0,0
301,15,スピアー,むし,どく,ダブルニードル,おいうち,がむしゃら,こうそくいどう,ピントレンズ,A255S255,やんちゃ,1,0,0,0,0,0,0,0
302,97,スリーパー,エスパー,,かみなりパンチ,ほのおのパンチ,れいとうパンチ,さいみんじゅつ,まがったスプーン,B255C255,れいせい,0,0,0,1,0,0,0,1
303,97,スリーパー,エスパー,,サイコキネシス,かみなりパンチ,ほのおのパンチ,れいとうパンチ,ラムのみ,H255C255,ひかえめ,0,0,0,0,0,0,1,1
304,97,スリーパー,エスパー,,さいみんじゅつ,あくむ,ゆめくい,サイコキネシス,まがったスプーン,B255D255,ひかえめ,0,0,0,0,1,0,0,1
305,97,スリーパー,エスパー,,じこあんじ,いばる,メガトンキック,シャドーボール,ラムのみ,H255A255,いじっぱり,0,0,0,0,0,1,0,1
306,96,スリープ,エスパー,,ねんりき,ずつき,かなしばり,バリアー,オボンのみ,H170A170C170,きまぐれ,1,0,0,0,0,0,0,0
307,202,ソーナンス,エスパー,,カウンター,ミラーコート,あまえる,しんぴのまもり,きあいのハチマキ,H170B170D170,しんちょう,1,1,0,0,0,0,0,0
308,202,ソーナンス,エスパー,,カウンター,ミラーコート,アンコール,みちづれ,きあいのハチマキ,B255D255,しんちょう,0,0,1,0,0,0,0,0
309,338,ソルロック,いわ,エスパー,ねんりき,ほのおのうず,ひかりのかべ,すなあらし,オボンのみ,H255D255,れいせい,0,1,0,0,0,0,0,0
310,338,ソルロック,いわ,エスパー,じしん,いわなだれ,コスモパワー,オーバーヒート,しろいハーブ,H255D255,がんばりや,0,0,1,0,0,0,0,0
311,275,ダーテング,くさ,あく,ギガドレイン,だましうち,でんこうせっか,ねこだまし,きせきのたね,B170C170D170,れいせい,0,0,0,1,0,0,0,1
312,275,ダーテング,くさ,あく,やどりぎのタネ,あなをほる,かげぶんしん,ねむる,カゴのみ,B255D255,わんぱく,0,0,0,0,1,0,0,1
313,275,ダーテング,くさ,あく,ソーラービーム,にほんばれ,だいばくはつ,こうごうせい,きあいのハチマキ,A255C255,きまぐれ,0,0,0,0,0,1,0,1
314,275,ダーテング,くさ,あく,だいばくはつ,ギガドレイン,メガトンキック,ねこだまし,きあいのハチマキ,A255C255,がんばりや,0,0,0,0,0,0,1,1
315,51,ダグトリオ,じめん,,じしん,すてみタックル,いわなだれ,じわれ,おうじゃのしるし,A255S255,いじっぱり,0,0,0,0,0,0,1,1
316,51,ダグトリオ,じめん,,じしん,トライアタック,きりさく,すなじごく,やわらかいすな,A255S255,いじっぱり,0,0,0,1,0,0,0,1
317,51,ダグトリオ,じめん,,じしん,げんしのちから,つばめがえし,トライアタック,おうじゃのしるし,A255S255,いじっぱり,0,0,0,0,1,0,0,1
318,51,ダグトリオ,じめん,,じしん,すてみタックル,ヘドロばくだん,じわれ,おうじゃのしるし,A255S255,いじっぱり,0,0,0,0,0,1,0,1
319,102,タマタマ,くさ,エスパー,ねんりき,げんしのちから,やどりぎのタネ,ひかりのかべ,キーのみ,H255C255,やんちゃ,1,0,0,0,0,0,0,0
320,308,チャーレム,エスパー,かくとう,サイコキネシス,とびひざげり,めいそう,バトンタッチ,きあいのハチマキ,A255S255,すなお,0,0,0,1,0,0,0,1
321,308,チャーレム,エスパー,かくとう,きしかいせい,こらえる,サイコキネシス,ねこだまし,カムラのみ,A255S255,がんばりや,0,0,0,0,1,0,0,1
322,308,チャーレム,エスパー,かくとう,ばくれつパンチ,かみなりパンチ,れいとうパンチ,ほのおのパンチ,ピントレンズ,C255 S255,がんばりや,0,0,0,0,0,1,0,1
323,308,チャーレム,エスパー,かくとう,メガトンキック,サイコキネシス,シャドーボール,いわなだれ,ラムのみ,A255C255,がんばりや,0,0,0,0,0,0,1,1
324,170,チョンチー,みず,でんき,スパーク,ダイビング,あやしいひかり,とっしん,のんきのおこう,A255C255,がんばりや,1,0,0,0,0,0,0,0
325,358,チリーン,エスパー,,サイコウェーブ,とっしん,いやしのすず,しんぴのまもり,まがったスプーン,H255C255,なまいき,0,1,0,0,0,0,0,0
326,358,チリーン,エスパー,,サイコキネシス,さいみんじゅつ,ゆめくい,いやしのすず,まがったスプーン,H170B170D170,れいせい,0,0,1,0,0,0,0,0
327,334,チルタリス,ドラゴン,ひこう,ドラゴンクロー,つばめがえし,リフレッシュ,のしかかり,クラボのみ,H255A255,すなお,0,0,0,1,0,0,0,1
328,334,チルタリス,ドラゴン,ひこう,ほろびのうた,りゅうのいぶき,おいうち,メロメロ,たべのこし,H170B170D170,ずぶとい,0,0,0,0,1,0,0,1
329,334,チルタリス,ドラゴン,ひこう,うたう,りゅうのまい,じしん,つばめがえし,ラムのみ,H255A255,いじっぱり,0,0,0,0,0,1,0,1
330,334,チルタリス,ドラゴン,ひこう,ドラゴンクロー,じしん,かえんほうしゃ,れいとうビーム,かいがらのすず,A255C255,すなお,0,0,0,0,0,0,1,1
331,213,ツボツボ,いわ,むし,ころがる,まるくなる,ねごと,ねむる,カゴのみ,B255D255,ゆうかん,0,0,0,1,0,0,0,1
332,213,ツボツボ,いわ,むし,すなあらし,あなをほる,フラッシュ,かげぶんしん,たべのこし,B255D255,しんちょう,0,0,0,0,1,0,0,1
333,213,ツボツボ,いわ,むし,みがわり,メロメロ,どくどく,かげぶんしん,たべのこし,B255D255,しんちょう,0,0,0,0,0,1,0,1
334,213,ツボツボ,いわ,むし,どくどく,かげぶんしん,まきつく,ねむる,カゴのみ,B255D255,しんちょう,0,0,0,0,0,0,1,1
335,291,テッカニン,むし,ひこう,バトンタッチ,つるぎのまい,こらえる,あなをほる,ヤタピのみ,H170B170D170,おっとり,0,1,0,0,0,0,0,0
336,291,テッカニン,むし,ひこう,きりさく,シャドーボール,つるぎのまい,バトンタッチ,きあいのハチマキ,H170B170D170,きまぐれ,0,0,1,0,0,0,0,0
337,225,デリバード,ひこう,こおり,プレゼント,アイスボール,つばめがえし,あられ,とけないこおり,H255C255,すなお,1,0,0,0,0,0,0,0
338,228,デルビル,ほのお,あく,かみくだく,ひのこ,ほえる,まもる,もくたん,H255C255,すなお,1,0,0,0,0,0,0,0
339,181,デンリュウ,でんき,,かみなり,あまごい,でんじは,メロメロ,じしゃく,H255C255,のんき,0,0,0,1,0,0,0,1
340,181,デンリュウ,でんき,,かみなりパンチ,ほのおのパンチ,きあいパンチ,でんじは,ひかりのこな,A255C255,がんばりや,0,0,0,0,1,0,0,1
341,181,デンリュウ,でんき,,10まんボルト,メガトンキック,アイアンテール,かわらわり,きあいのハチマキ,A255C255,がんばりや,0,0,0,0,0,1,0,1
342,181,デンリュウ,でんき,,10まんボルト,ほのおのパンチ,でんじは,リフレクター,ラムのみ,B255C255,ひかえめ,0,0,0,0,0,0,1,1
343,85,ドードリオ,ノーマル,ひこう,ドリルくちばし,トライアタック,ねごと,ねむる,カゴのみ,A255S255,いじっぱり,0,0,0,1,0,0,0,1
344,85,ドードリオ,ノーマル,ひこう,ドリルくちばし,すてみタックル,だましうち,まもる,おうじゃのしるし,A255S255,いじっぱり,0,0,0,0,1,0,0,1
345,85,ドードリオ,ノーマル,ひこう,すてみタックル,ドリルくちばし,はがねのつばさ,だましうち,ラムのみ,A255S255,いじっぱり,0,0,0,0,0,1,0,1
346,85,ドードリオ,ノーマル,ひこう,じたばた,こらえる,ドリルくちばし,からげんき,カムラのみ,A255S255,いじっぱり,0,0,0,0,0,0,1,1
347,109,ドガース,どく,,ヘドロこうげき,えんまく,いちゃもん,くろいきり,どくバリ,H255A255,きまぐれ,1,0,0,0,0,0,0,0
348,73,ドククラゲ,みず,どく,ヘドロばくだん,こごえるかぜ,バリアー,あやしいひかり,キーのみ,A255B255,わんぱく,0,0,0,1,0,0,0,1
349,73,ドククラゲ,みず,どく,どくどく,ギガドレイン,あやしいひかり,なみのり,たべのこし,H170B170C170,がんばりや,0,0,0,0,1,0,0,1
350,73,ドククラゲ,みず,どく,なみのり,ギガドレイン,れいとうビーム,ミラーコート,かいがらのすず,B170C170S170,ひかえめ,0,0,0,0,0,1,0,1
351,73,ドククラゲ,みず,どく,ハイドロポンプ,ヘドロばくだん,れいとうビーム,ミラーコート,かいがらのすず,A170B170C170,きまぐれ,0,0,0,0,0,0,1,1
352,269,ドクケイル,むし,どく,ぎんいろのかぜ,どくどく,サイケこうせん,ふきとばし,ぎんのこな,H255S255,すなお,1,0,0,0,0,0,0,0
353,176,トゲチック,ノーマル,ひこう,つばめがえし,マジカルリーフ,ねがいごと,このゆびとまれ,のんきのおこう,H255B255,のんき,1,1,0,0,0,0,0,0
354,176,トゲチック,ノーマル,ひこう,おんがえし,てんしのキッス,つばめがえし,あくび,ピントレンズ,H255B255,のんき,0,0,1,0,0,0,0,0
355,294,ドゴーム,ノーマル,,ふみつけ,とおぼえ,おどろかす,ちょうおんぱ,きあいのハチマキ,H255A255,のんき,1,0,0,0,0,0,0,0
356,364,トドグラー,みず,こおり,アイスボール,あられ,いびき,ねむる,キーのみ,H170B170D170,きまぐれ,1,1,0,0,0,0,0,0
357,364,トドグラー,みず,こおり,れいとうビーム,なみのり,のしかかり,あられ,オボンのみ,H255C255,れいせい,0,0,1,0,0,0,0,0
358,365,トドゼルガ,みず,こおり,ふぶき,あられ,あくび,まもる,たべのこし,H170B170D170,れいせい,0,0,0,1,0,0,0,1
359,365,トドゼルガ,みず,こおり,じしん,れいとうビーム,のろい,かげぶんしん,きあいのハチマキ,H170B170D170,きまぐれ,0,0,0,0,1,0,0,1
360,365,トドゼルガ,みず,こおり,ぜったいれいど,じわれ,なみのり,メロメロ,せんせいのツメ,H170B170D170,がんばりや,0,0,0,0,0,1,0,1
361,365,トドゼルガ,みず,こおり,なみのり,れいとうビーム,じしん,ぜったいれいど,ひかりのこな,A255C255,れいせい,0,0,0,0,0,0,1,1
362,357,トロピウス,くさ,ひこう,マジカルリーフ,ふきとばし,つばめがえし,はがねのつばさ,オボンのみ,H255A255,がんばりや,0,1,0,0,0,0,0,0
363,357,トロピウス,くさ,ひこう,ソーラービーム,にほんばれ,こうごうせい,のしかかり,きあいのハチマキ,A255C255,れいせい,0,0,1,0,0,0,0,0
364,232,ドンファン,じめん,,じしん,げんしのちから,いばる,ねむる,カゴのみ,H255A255,いじっぱり,0,0,0,1,0,0,0,1
365,232,ドンファン,じめん,,じたばた,こらえる,じしん,がんせきふうじ,せんせいのツメ,A255S255,ようき,0,0,0,0,1,0,0,1
366,232,ドンファン,じめん,,じわれ,じしん,いわなだれ,ひみつのちから,せんせいのツメ,H255A255,いじっぱり,0,0,0,0,0,1,0,1
367,232,ドンファン,じめん,,じわれ,じしん,いわなだれ,アイアンテール,せんせいのツメ,H255A255,いじっぱり,0,0,0,0,0,0,1,1
368,103,ナッシー,くさ,エスパー,ソーラービーム,にほんばれ,こうごうせい,ひかりのかべ,せんせいのツメ,B255D255,れいせい,0,0,0,1,0,0,0,1
369,103,ナッシー,くさ,エスパー,おんがえし,のろい,ねむりごな,ねむる,カゴのみ,A255D255,がんばりや,0,0,0,0,1,0,0,1
370,103,ナッシー,くさ,エスパー,やどりぎのタネ,ギガドレイン,どくどく,だいばくはつ,たべのこし,H170B170D170,がんばりや,0,0,0,0,0,1,0,1
371,103,ナッシー,くさ,エスパー,サイコキネシス,ギガドレイン,ヘドロばくだん,だいばくはつ,ひかりのこな,A255C255,がんばりや,0,0,0,0,0,0,1,1
372,340,ナマズン,みず,じめん,じしん,いわなだれ,ドわすれ,ねむる,カゴのみ,H255A255,いじっぱり,0,0,0,1,0,0,0,1
373,340,ナマズン,みず,じめん,なみのり,じしん,スパーク,みらいよち,かいがらのすず,A255C255,がんばりや,0,0,0,0,1,0,0,1
374,340,ナマズン,みず,じめん,ねごと,ねむる,なみのり,じわれ,カゴのみ,B255D255,がんばりや,0,0,0,0,0,1,0,1
375,340,ナマズン,みず,じめん,じわれ,なみのり,じしん,れいとうビーム,せんせいのツメ,A255C255,れいせい,0,0,0,0,0,0,1,1
376,34,ニドキング,どく,じめん,つのドリル,にどげり,のしかかり,カウンター,せんせいのツメ,H255A25,いじっぱり,0,0,0,1,0,0,0,1
377,34,ニドキング,どく,じめん,メガトンキック,じしん,シャドーボール,かわらわり,かいがらのすず,H255A255,いじっぱり,0,0,0,0,1,0,0,1
378,34,ニドキング,どく,じめん,つのドリル,だいもんじ,ふぶき,なみのり,ヒメリのみ,H255C255,ひかえめ,0,0,0,0,0,1,0,1
379,34,ニドキング,どく,じめん,メガホーン,ヘドロばくだん,じしん,かみなり,ラムのみ,A255C255,すなお,0,0,0,0,0,0,1,1
380,31,ニドクイン,どく,じめん,ヘドロばくだん,にどげり,のしかかり,カウンター,きあいのハチマキ,H255A255,いじっぱり,0,0,0,1,0,0,0,1
381,31,ニドクイン,どく,じめん,すてみタックル,じしん,つばめがえし,いわなだれ,かいがらのすず,H255A255,いじっぱり,0,0,0,0,1,0,0,1
382,31,ニドクイン,どく,じめん,10まんボルト,かえんほうしゃ,れいとうビーム,かみくだく,ラムのみ,H255C255,ひかえめ,0,0,0,0,0,1,0,1
383,31,ニドクイン,どく,じめん,ばかぢから,ヘドロばくだん,じしん,シャドーボール,しろいハーブ,H255A255,いじっぱり,0,0,0,0,0,0,1,1
384,30,ニドリーナ,どく,,にどげり,かみつく,つばめがえし,おだてる,きあいのハチマキ,H255A255,きまぐれ,1,0,0,0,0,0,0,0
385,33,ニドリーノ,どく,,にどげり,みずのはどう,どろかけ,おだてる,きあいのハチマキ,H255A255,きまぐれ,1,0,0,0,0,0,0,0
386,215,ニューラ,あく,こおり,だましうち,ねこだまし,こごえるかぜ,でんこうせっか,キーのみ,H170B170D170,のんき,0,1,0,0,0,0,0,0
387,215,ニューラ,あく,こおり,ブレイククロー,かわらわり,つばめがえし,いやなおと,おうじゃのしるし,H170B170S170,ようき,0,0,1,0,0,0,0,0
388,61,ニョロゾ,みず,,みずのはどう,おうふくビンタ,こごえるかぜ,あまごい,ヤタピのみ,H255C255,きまぐれ,1,0,0,0,0,0,0,0
389,186,ニョロトノ,みず,,ダイビング,あなをほる,さいみんじゅつ,いばる,かいがらのすず,B255D255,のんき,0,1,0,0,0,0,0,0
390,186,ニョロトノ,みず,,なみのり,サイコキネシス,どろかけ,いばる,のんきのおこう,B255C255,ひかえめ,0,0,1,0,0,0,0,0
391,62,ニョロボン,みず,かくとう,じごくぐるま,あなをほる,がんせきふうじ,バブルこうせん,くろおび,H255A255,いじっぱり,0,1,0,0,0,0,0,0
392,62,ニョロボン,みず,かくとう,かわらわり,さいみんじゅつ,ねむる,はらだいこ,カゴのみ,H255A255,いじっぱり,0,0,1,0,0,0,0,0
393,195,ヌオー,みず,じめん,じしん,かわらわり,カウンター,どろかけ,きあいのハチマキ,A255D255,いじっぱり,0,0,0,1,0,0,0,1
394,195,ヌオー,みず,じめん,のろい,メロメロ,あくび,げんしのちから,たべのこし,B255D255,なまいき,0,0,0,0,1,0,0,1
395,195,ヌオー,みず,じめん,じしん,ヘドロばくだん,すてみタックル,のろい,せんせいのツメ,A255D255,いじっぱり,0,0,0,0,0,1,0,1
396,195,ヌオー,みず,じめん,なみのり,じしん,れいとうビーム,ドわすれ,たべのこし,A170C170D170,なまいき,0,0,0,0,0,0,1,1
397,259,ヌマクロー,みず,じめん,マッドショット,みずでっぽう,がんせきふうじ,どろかけ,きあいのハチマキ,A255C255,がんばりや,1,1,0,0,0,0,0,0
398,259,ヌマクロー,みず,じめん,だくりゅう,じしん,どろかけ,まもる,きあいのハチマキ,A255C255,すなお,0,0,1,0,0,0,0,0
399,178,ネイティオ,ノーマル,ひこう,ドリルくちばし,ナイトヘッド,ねがいごと,みらいよち,するどいくちばし,H170A170C170,がんばりや,0,0,0,1,0,0,0,1
400,178,ネイティオ,ノーマル,ひこう,そらをとぶ,どくどく,あやしいひかり,メロメロ,たべのこし,H170B170D170,わんぱく,0,0,0,0,1,0,0,1
401,178,ネイティオ,ノーマル,ひこう,ドリルくちばし,サイコキネシス,ギガドレイン,はがねのつばさ,おうじゃのしるし,A170C170S170,ようき,0,0,0,0,0,1,0,1
402,178,ネイティオ,ノーマル,ひこう,サイコキネシス,ドリルくちばし,シャドーボール,あやしいひかり,ヤタピのみ,A255C255,すなお,0,0,0,0,0,0,1,1
403,344,ネンドール,じめん,エスパー,じしん,いわなだれ,いばる,じこあんじ,ラムのみ,H255A255,いじっぱり,0,0,0,1,0,0,0,1
404,344,ネンドール,じめん,エスパー,サイコキネシス,じしん,かげぶんしん,コスモパワー,たべのこし,H170B170D170,おだやか,0,0,0,0,1,0,0,1
405,344,ネンドール,じめん,エスパー,サイコキネシス,れいとうビーム,ソーラービーム,にほんばれ,かいがらのすず,H255C255,ひかえめ,0,0,0,0,0,1,0,1
406,344,ネンドール,じめん,エスパー,サイコキネシス,じしん,シャドーボール,だいばくはつ,きあいのハチマキ,H255A255,いじっぱり,0,0,0,0,0,0,1,1
407,332,ノクタス,くさ,あく,ニードルアーム,だましうち,ようかいえき,メガトンパンチ,ピントレンズ,H255S255,せっかち,0,1,0,0,0,0,0,0
408,332,ノクタス,くさ,あく,メガトンキック,フラフラダンス,だましうち,すなあらし,キーのみ,B255D255,がんばりや,0,0,1,0,0,0,0,0
409,206,ノコッチ,ノーマル,,ずつき,へびにらみ,まるくなる,ころがる,のんきのおこう,H255A255,すなお,0,1,0,0,0,0,0,0
410,206,ノコッチ,ノーマル,,れいとうビーム,がんせきふうじ,かみつく,シャドーボール,のんきのおこう,B255D255,れいせい,0,0,1,0,0,0,0,0
411,299,ノズパス,いわ,,いわなだれ,でんげきは,でんじは,すなあらし,かたいいし,H255D255,なまいき,1,0,0,0,0,0,0,0
412,366,パールル,みず,,ダイビング,どくどく,てっぺき,かげぶんしん,しんかいのウロコ,H170B170D170,すなお,1,0,0,0,0,0,0,0
413,208,ハガネール,はがね,じめん,じしん,りゅうのいぶき,がんせきふうじ,ほえる,オボンのみ,A255D255,いじっぱり,0,0,0,1,0,0,0,1
414,208,ハガネール,はがね,じめん,じしん,りゅうのいぶき,すなあらし,とおせんぼう,たべのこし,A255D255,がんばりや,0,0,0,0,1,0,0,1
415,208,ハガネール,はがね,じめん,じしん,のしかかり,いわなだれ,だいばくはつ,せんせいのツメ,A255D255,いじっぱり,0,0,0,0,0,1,0,1
416,208,ハガネール,はがね,じめん,じしん,アイアンテール,すてみタックル,だいばくはつ,せんせいのツメ,A255D255,いじっぱり,0,0,0,0,0,0,1,1
417,323,バクーダ,ほのお,じめん,マグニチュード,まもる,すなあらし,いわなだれ,きあいのハチマキ,H255A255,きまぐれ,0,1,0,0,0,0,0,0
418,323,バクーダ,ほのお,じめん,じしん,ふんか,のしかかり,こわいかお,のんきのおこう,A255C255,きまぐれ,0,0,1,0,0,0,0,0
419,295,バクオング,ノーマル,,ハイパーボイス,シャドーボール,ねごと,ねむる,カゴのみ,H255A255,わんぱく,0,0,0,1,0,0,0,1
420,295,バクオング,ノーマル,,ソーラービーム,にほんばれ,じしん,カウンター,きあいのハチマキ,A255C255,きまぐれ,0,0,0,0,1,0,0,1
421,295,バクオング,ノーマル,,オーバーヒート,れいとうビーム,かみなりパンチ,じんつうりき,しろいハーブ,C255 S255,ひかえめ,0,0,0,0,0,1,0,1
422,295,バクオング,ノーマル,,メガトンキック,じしん,シャドーボール,オーバーヒート,しろいハーブ,A255C255,がんばりや,0,0,0,0,0,0,1,1
423,157,バクフーン,ほのお,,だいもんじ,にほんばれ,えんまく,ほえる,きあいのハチマキ,C255 S255,ひかえめ,0,0,0,1,0,0,0,1
424,157,バクフーン,ほのお,,かえんほうしゃ,かみなりパンチ,つばめがえし,いわなだれ,ピントレンズ,A170C170S170,がんばりや,0,0,0,0,1,0,0,1
425,157,バクフーン,ほのお,,じしん,オーバーヒート,こらえる,きしかいせい,カムラのみ,A255S255,いじっぱり,0,0,0,0,0,1,0,1
426,157,バクフーン,ほのお,,オーバーヒート,かみなりパンチ,じしん,ブレイククロー,しろいハーブ,A170C170S170,がんばりや,0,0,0,0,0,0,1,1
427,148,ハクリュー,ドラゴン,,りゅうのいぶき,にらみつける,まきつく,しんぴのまもり,クラボのみ,H255D255,すなお,0,1,0,0,0,0,0,0
428,148,ハクリュー,ドラゴン,,おんがえし,ねむる,でんじは,りゅうのまい,カゴのみ,H255D255,いじっぱり,0,0,1,0,0,0,0,0
429,257,バシャーモ,ほのお,かくとう,かえんほうしゃ,にほんばれ,にどげり,ほえる,せんせいのツメ,A255C255,すなお,0,0,0,1,0,0,0,1
430,257,バシャーモ,ほのお,かくとう,ブレイズキック,メガトンキック,かみなりパンチ,かわらわり,ピントレンズ,A255C255,すなお,0,0,0,0,1,0,0,1
431,257,バシャーモ,ほのお,かくとう,オーバーヒート,じしん,こらえる,きしかいせい,カムラのみ,A255S255,がんばりや,0,0,0,0,0,1,0,1
432,257,バシャーモ,ほのお,かくとう,オーバーヒート,じしん,かみなりパンチ,いわなだれ,しろいハーブ,A255C255,がんばりや,0,0,0,0,0,0,1,1
433,271,ハスブレロ,みず,くさ,みずのはどう,ねこだまし,かわらわり,すいとる,のんきのおこう,H255A255,きまぐれ,1,0,0,0,0,0,0,0
434,12,バタフリー,むし,ひこう,ぎんいろのかぜ,サイケこうせん,どくどく,ふきとばし,モモンのみ,H255C255,きまぐれ,1,0,0,0,0,0,0,0
435,212,ハッサム,むし,はがね,メタルクロー,つばめがえし,カウンター,でんこうせっか,きあいのハチマキ,A255D255,いじっぱり,0,0,0,1,0,0,0,1
436,212,ハッサム,むし,はがね,ぎんいろのかぜ,はがねのつばさ,つるぎのまい,ひかりのかべ,せんせいのツメ,A255D255,いじっぱり,0,0,0,0,1,0,0,1
437,212,ハッサム,むし,はがね,きしかいせい,こらえる,こうそくいどう,きりさく,きあいのハチマキ,A255D255,しんちょう,0,0,0,0,0,1,0,1
438,212,ハッサム,むし,はがね,ぎんいろのかぜ,つるぎのまい,こうそくいどう,バトンタッチ,ひかりのこな,H255D255,しんちょう,0,0,0,0,0,0,1,1
439,327,パッチール,ノーマル,,ピヨピヨパンチ,フラフラダンス,サイケこうせん,だましうち,オボンのみ,H255A255,のんき,1,0,0,0,0,0,0,0
440,325,バネブー,エスパー,,サイコウェーブ,とびはねる,マジックコート,あやしいひかり,オボンのみ,H255C255,のんき,1,0,0,0,0,0,0,0
441,242,ハピナス,ノーマル,,どくどく,かげぶんしん,うたう,タマゴうみ,ひかりのこな,B255D255,ずぶとい,0,0,0,1,0,0,0,1
442,242,ハピナス,ノーマル,,ちきゅうなげ,うたう,メロメロ,みがわり,たべのこし,B255D255,ずぶとい,0,0,0,0,1,0,0,1
443,242,ハピナス,ノーマル,,だいもんじ,ふぶき,めいそう,タマゴうみ,きあいのハチマキ,B255D255,ずぶとい,0,0,0,0,0,1,0,1
444,242,ハピナス,ノーマル,,れいとうビーム,めいそう,カウンター,タマゴうみ,きあいのハチマキ,B255D255,ずぶとい,0,0,0,0,0,0,1,1
445,336,ハブネーク,どく,,ポイズンテール,かみつく,へびにらみ,いやなおと,ピントレンズ,H255A255,がんばりや,0,1,0,0,0,0,0,0
446,336,ハブネーク,どく,,ヘドロばくだん,じしん,かみくだく,ギガドレイン,せんせいのツメ,H170B170D170,きまぐれ,0,0,1,0,0,0,0,0
447,47,パラセクト,くさ,むし,きりさく,サイケこうせん,しびれごな,フラッシュ,オボンのみ,B255D255,うっかりや,1,1,0,0,0,0,0,0
448,47,パラセクト,くさ,むし,キノコのほうし,ギガドレイン,あなをほる,かげぶんしん,たべのこし,H170B170D170,おだやか,0,0,1,0,0,0,0,0
449,211,ハリーセン,みず,どく,バブルこうせん,ミサイルばり,まきびし,ちいさくなる,クラボのみ,C255D255,わんぱく,0,1,0,0,0,0,0,0
450,211,ハリーセン,みず,どく,リベンジ,ヘドロばくだん,シャドーボール,みちづれ,きあいのハチマキ,H255D255,いじっぱり,0,0,1,0,0,0,0,0
451,297,ハリテヤマ,かくとう,,クロスチョップ,いわなだれ,カウンター,ねこだまし,きあいのハチマキ,H170B170D170,いじっぱり,0,0,0,1,0,0,0,1
452,297,ハリテヤマ,かくとう,,クロスチョップ,ほのおのパンチ,れいとうパンチ,かみなりパンチ,せんせいのツメ,A255C255,れいせい,0,0,0,0,1,0,0,1
453,297,ハリテヤマ,かくとう,,クロスチョップ,じしん,いわなだれ,からげんき,せんせいのツメ,H255A255,いじっぱり,0,0,0,0,0,1,0,1
454,297,ハリテヤマ,かくとう,,クロスチョップ,じしん,いわなだれ,ねこだまし,ピントレンズ,H255A255,いじっぱり,0,0,0,0,0,0,1,1
455,122,バリヤード,エスパー,,サイコキネシス,マジカルリーフ,ねこだまし,リフレクター,たべのこし,H255B255,のんき,0,0,0,1,0,0,0,1
456,122,バリヤード,エスパー,,バトンタッチ,いばる,じこあんじ,サイコキネシス,チイラのみ,H170B170D170,いじっぱり,0,0,0,0,1,0,0,1
457,122,バリヤード,エスパー,,トリック,いちゃもん,サイコキネシス,10まんボルト,こだわりハチマキ,H255C255,ひかえめ,0,0,0,0,0,1,0,1
458,122,バリヤード,エスパー,,サイコキネシス,10まんボルト,れいとうパンチ,ほのおのパンチ,ひかりのこな,H255C255,ひかえめ,0,0,0,0,0,0,1,1
459,91,パルシェン,みず,こおり,オーロラビーム,とげキャノン,ちょうおんぱ,まもる,とけないこおり,H255D255,なまいき,0,1,0,0,0,0,0,0
460,91,パルシェン,みず,こおり,ダイビング,どくどく,かげぶんしん,まもる,たべのこし,H255D255,しんちょう,0,0,1,0,0,0,0,0
461,313,バルビート,むし,,ぎんいろのかぜ,あやしいひかり,でんこうせっか,てだすけ,チイラのみ,A255S255,きまぐれ,1,1,0,0,0,0,0,0
462,313,バルビート,むし,,シグナルビーム,10まんボルト,れいとうパンチ,ほたるび,ヤタピのみ,C255 S255,きまぐれ,0,0,1,0,0,0,0,0
463,248,バンギラス,いわ,あく,じしん,つばめがえし,10まんボルト,なみのり,ひかりのこな,A255C255,がんばりや,0,0,0,0,0,0,0,1
464,248,バンギラス,いわ,あく,じしん,いわなだれ,かみくだく,10まんボルト,ひかりのこな,A255C255,がんばりや,0,0,0,0,0,0,0,1
465,248,バンギラス,いわ,あく,じしん,いわなだれ,カウンター,りゅうのまい,きあいのハチマキ,H170B170D170,いじっぱり,0,0,0,0,0,0,0,1
466,248,バンギラス,いわ,あく,じしん,いわなだれ,りゅうのまい,ねむる,カゴのみ,H170B170D170,いじっぱり,0,0,0,0,0,0,0,1
467,248,バンギラス,いわ,あく,じしん,いわなだれ,のろい,ねむる,カゴのみ,H170B170D171,いじっぱり,0,0,0,0,0,0,0,1
468,248,バンギラス,いわ,あく,かみくだく,れいとうビーム,10まんボルト,かえんほうしゃ,せんせいのツメ,H255C255,ひかえめ,0,0,0,0,0,0,0,1
469,248,バンギラス,いわ,あく,かみくだく,じしん,つばめがえ,メロメロ,せんせいのツメ,A255C255,がんばりや,0,0,0,0,0,0,0,1
470,248,バンギラス,いわ,あく,いわなだれ,つばめがえし,かわらわり,のろい,せんせいのツメ,H255A255,いじっぱり,0,0,0,0,0,0,0,1
471,248,バンギラス,いわ,あく,いわなだれ,でんじは,りゅうのまい,ねむる,ラムのみ,H170B170D170,いじっぱり,0,0,0,0,0,0,0,1
472,248,バンギラス,いわ,あく,すてみタックル,じしん,いわなだれ,りゅうのまい,ラムのみ,H170B170D170,いじっぱり,0,0,0,0,0,0,0,1
473,367,ハンテール,みず,,うずしお,こわいかお,どろかけ,かみつく,キーのみ,H255A255,れいせい,0,1,0,0,0,0,0,0
474,367,ハンテール,みず,,なみのり,あまごい,かみくだく,のしかかり,かいがらのすず,H255D255,れいせい,0,0,1,0,0,0,0,0
475,36,ピクシー,ノーマル,,ゆびをふる,かげぶんしん,リフレクター,このゆびとまれ,たべのこし,B255D255,ゆうかん,0,0,0,1,0,0,0,1
476,36,ピクシー,ノーマル,,コメットパンチ,コスモパワー,かげぶんしん,このゆびとまれ,きあいのハチマキ,A255B255,いじっぱり,0,0,0,0,1,0,0,1
477,36,ピクシー,ノーマル,,10まんボルト,れいとうビーム,かえんほうしゃ,マジカルリーフ,ラムのみ,B255C255,ひかえめ,0,0,0,0,0,1,0,1
478,36,ピクシー,ノーマル,,メガトンキック,サイコキネシス,シャドーボール,タマゴうみ,きあいのハチマキ,A255B255,すなお,0,0,0,0,0,0,1,1
479,18,ピジョット,ノーマル,ひこう,つばめがえし,フェザーダンス,どろかけ,だましうち,するどいくちばし,H255A255,がんばりや,0,1,0,0,0,0,0,0
480,18,ピジョット,ノーマル,ひこう,おんがえし,つばめがえし,はがねのつばさ,どろかけ,ピントレンズ,A255S255,いじっぱり,0,0,1,0,0,0,0,0
481,17,ピジョン,ノーマル,ひこう,つばめがえし,でんこうせっか,フェザーダンス,すなかけ,しろいハーブ,H255A255,きまぐれ,1,0,0,0,0,0,0,0
482,120,ヒトデマン,みず,,バブルこうせん,ちいさくなる,スピードスター,ひかりのかべ,かいがらのすず,H255C255,きまぐれ,1,0,0,0,0,0,0,0
483,329,ビブラーバ,ドラゴン,じめん,りゅうのいぶき,あなをほる,いやなおと,がんせきふうじ,クラボのみ,H255A255,きまぐれ,1,0,0,0,0,0,0,0
484,216,ヒメグマ,ノーマル,,ひみつのちから,うそなき,だましうち,ねむる,カゴのみ,H255A255,のんき,1,0,0,0,0,0,0,0
485,100,ビリリダマ,でんき,,スパーク,いやなおと,ころがる,ひかりのかべ,のんきのおこう,H255C255,すなお,1,0,0,0,0,0,0,0
486,146,ファイヤー,ほのお,ひこう,オーバーヒート,つばめがえし,かげぶんしん,まもる,しろいハーブ,A255C255,がんばりや,0,0,0,0,0,0,0,1
487,146,ファイヤー,ほのお,ひこう,オーバーヒート,すてみタックル,はがねのつばさ,しんぴのまもり,しろいハーブ,A255C255,れいせい,0,0,0,0,0,0,0,1
488,146,ファイヤー,ほのお,ひこう,オーバーヒート,にほんばれ,いばる,からげんき,しろいハーブ,C255S255,すなお,0,0,0,0,0,0,0,1
489,146,ファイヤー,ほのお,ひこう,オーバーヒート,すてみタックル,つばめがえし,はがねのつばさ,しろいハーブ,A255C255,すなお,0,0,0,0,0,0,0,1
490,146,ファイヤー,ほのお,ひこう,かえんほうしゃ,つばめがえし,どろかけ,ほえる,ラムのみ,A255C255,すなお,0,0,0,0,0,0,0,1
491,146,ファイヤー,ほのお,ひこう,だいもんじ,にほんばれ,かげぶんしん,ねむる,カゴのみ,C255 S255,ひかえめ,0,0,0,0,0,0,0,1
492,136,ブースター,ほのお,,かえんほうしゃ,ほえる,かみつく,すなかけ,オボンのみ,B255C255,ひかえめ,0,0,0,1,0,0,0,1
493,136,ブースター,ほのお,,のろい,メロメロ,すてみタックル,シャドーボール,せんせいのツメ,H170B170D170,のんき,0,0,0,0,1,0,0,1
494,136,ブースター,ほのお,,シャドーボール,じたばた,こらえる,オーバーヒート,せんせいのツメ,A255S255,ようき,0,0,0,0,0,1,0,1
495,136,ブースター,ほのお,,オーバーヒート,にほんばれ,すてみタックル,シャドーボール,せんせいのツメ,A255C255,れいせい,0,0,0,0,0,0,1,1
496,65,フーディン,エスパー,,かみなりパンチ,ほのおのパンチ,れいとうパンチ,でんじは,きあいのハチマキ,B255C255,ひかえめ,0,0,0,1,0,0,0,1
497,65,フーディン,エスパー,,サイコキネシス,めいそう,でんじは,じこさいせい,ラムのみ,B255C255,ひかえめ,0,0,0,0,1,0,0,1
498,65,フーディン,エスパー,,トリック,かなしばり,サイコキネシス,スキルスワップ,こだわりハチマキ,B255C255,ひかえめ,0,0,0,0,0,1,0,1
499,65,フーディン,エスパー,,サイコキネシス,かみなりパンチ,ほのおのパンチ,れいとうパンチ,ひかりのこな,B255C255,ひかえめ,0,0,0,0,0,0,1,1
500,126,ブーバー,ほのお,,かえんほうしゃ,えんまく,かわらわり,バリアー,チーゴのみ,H170B170C170,のんき,0,0,0,0,0,0,0,0
501,126,ブーバー,ほのお,,だいもんじ,えんまく,かみなりパンチ,あやしいひかり,せんせいのツメ,C255 S255,ひかえめ,0,0,0,0,0,0,0,0
502,126,ブーバー,ほのお,,メガトンキック,クロスチョップ,アイアンテール,カウンター,ピントレンズ,A255B255,わんぱく,0,0,0,0,0,0,0,0
503,126,ブーバー,ほのお,,かえんほうしゃ,サイコキネシス,クロスチョップ,あやしいひかり,ピントレンズ,H255B255,すなお,0,0,0,0,0,0,0,0
504,126,ブーバー,ほのお,,かえんほうしゃ,えんまく,かわらわり,バリアー,チーゴのみ,H170B170C170,のんき,0,0,0,1,0,0,0,1
505,126,ブーバー,ほのお,,だいもんじ,えんまく,かみなりパンチ,あやしいひかり,せんせいのツメ,C255 S255,ひかえめ,0,0,0,0,1,0,0,1
506,126,ブーバー,ほのお,,メガトンキック,クロスチョップ,アイアンテール,カウンター,ピントレンズ,A255B255,わんぱく,0,0,0,0,0,1,0,1
507,126,ブーバー,ほのお,,かえんほうしゃ,サイコキネシス,クロスチョップ,あやしいひかり,ピントレンズ,H255B255,すなお,0,0,0,0,0,0,1,1
508,326,ブーピッグ,エスパー,,サイケこうせん,あやしいひかり,みらいよち,マジックコート,ヤタピのみ,H255C255,のんき,0,1,0,0,0,0,0,0
509,326,ブーピッグ,エスパー,,サイコキネシス,れいとうパンチ,かみなりパンチ,ほのおのパンチ,ラムのみ,B255C255,ひかえめ,0,0,1,0,0,0,0,0
510,205,フォレトス,むし,はがね,すてみタックル,いわなだれ,ひかりのかべ,まきびし,きあいのハチマキ,A255D255,いじっぱり,0,0,0,1,0,0,0,1
511,205,フォレトス,むし,はがね,じしん,すてみタックル,カウンター,まもる,ラムのみ,A255D255,いじっぱり,0,0,0,0,1,0,0,1
512,205,フォレトス,むし,はがね,だいばくはつ,じしん,ギガドレイン,でんじほう,きあいのハチマキ,A170C170D170,れいせい,0,0,0,0,0,1,0,1
513,205,フォレトス,むし,はがね,だいばくはつ,じしん,いわなだれ,すてみタックル,せんせいのツメ,A255D255,いじっぱり,0,0,0,0,0,0,1,1
514,40,プクリン,ノーマル,,うたう,いわなだれ,ねがいごと,ひみつのちから,シルクのスカーフ,B255D255,のんき,0,1,0,0,0,0,0,0
515,40,プクリン,ノーマル,,うそなき,うたう,ゆめくい,かわらわり,オボンのみ,B255D255,すなお,0,0,1,0,0,0,0,0
516,2,フシギソウ,くさ,どく,はなびらのまい,せいちょう,あまいかおり,れんぞくぎり,キーのみ,H255C255,おとなしい,1,1,0,0,0,0,0,0
517,2,フシギソウ,くさ,どく,ギガドレイン,ヘドロばくだん,ねむりごな,やどりぎのタネ,ひかりのこな,A255C255,きまぐれ,0,0,1,0,0,0,0,0
518,3,フシギバナ,くさ,どく,ギガドレイン,にほんばれ,こうごうせい,ねむりごな,カゴのみ,H255C255,れいせい,0,0,0,1,0,0,0,1
519,3,フシギバナ,くさ,どく,やどりぎのタネ,ギガドレイン,かげぶんしん,ひかりのかべ,ひかりのこな,H170B170D170,ずぶとい,0,0,0,0,1,0,0,1
520,3,フシギバナ,くさ,どく,すてみタックル,ヘドロばくだん,じしん,ねむりごな,ピントレンズ,A170B170D170,いじっぱり,0,0,0,0,0,1,0,1
521,3,フシギバナ,くさ,どく,ソーラービーム,ヘドロばくだん,にほんばれ,じしん,ラムのみ,A170C170D170,すなお,0,0,0,0,0,0,1,1
522,142,プテラ,いわ,ひこう,げんしのちか,りゅうのいぶき,つばめがえし,ほえる,おうじゃのしるし,H170A170S170,いじっぱり,0,0,0,1,0,0,0,1
523,142,プテラ,いわ,ひこう,はかいこうせん,じしん,つばめがえし,げんしのちから,こだわりハチマキ,H170A170S170,いじっぱり,0,0,0,0,1,0,0,1
524,142,プテラ,いわ,ひこう,すてみタックル,いわなだれ,だいもんじ,ドラゴンクロー,おうじゃのしるし,A255C255,がんばりや,0,0,0,0,0,1,0,1
525,142,プテラ,いわ,ひこう,すてみタックル,じしん,だいもんじ,かみつく,おうじゃのしるし,A255C255,がんばりや,0,0,0,0,0,0,1,1
526,240,ブビィ,ほのお,,ほのおのパンチ,えんまく,あやしいひかり,スモッグ,のんきのおこう,H255C255,すなお,1,0,0,0,0,0,0,0
527,330,フライゴン,ドラゴン,じめん,じしん,はがねのつばさ,だましうち,からげんき,ひかりのこな,A255S25,いじっぱり,0,0,0,1,0,0,0,1
528,330,フライゴン,ドラゴン,じめん,ソーラービーム,だいもんじ,かみくだく,にほんばれ,ひかりのこな,C255 S255,ひかえめ,0,0,0,0,1,0,0,1
529,330,フライゴン,ドラゴン,じめん,じしん,ドラゴンクロー,かえんほうしゃ,ギガドレイン,ピントレンズ,A170C170S170,がんばりや,0,0,0,0,0,1,0,1
530,330,フライゴン,ドラゴン,じめん,じしん,ドラゴンクロー,すてみタックル,かみくだく,ピントレンズ,A170C170S170,がんばりや,0,0,0,0,0,0,1,1
531,311,プラスル,でんき,,スパーク,うそなき,でんこうせっか,てだすけ,ヤタピのみ,H255B255,すなお,1,1,0,0,0,0,0,0
532,311,プラスル,でんき,,10まんボルト,でんじは,ちきゅうなげ,ねがいごと,ヤタピのみ,C255 S255,すなお,0,0,1,0,0,0,0,0
533,197,ブラッキー,あく,,あやしいひかり,だましうち,かげぶんしん,バトンタッチ,ひかりのこな,H170B170D170,ずぶとい,0,0,0,1,0,0,0,1
534,197,ブラッキー,あく,,のろい,いやなおと,かげぶんしん,すてみタックル,たべのこし,H170A170D170,いじっぱり,0,0,0,0,1,0,0,1
535,197,ブラッキー,あく,,いばる,じこあんじ,メロメロ,シャドーボール,ひかりのこな,H170B170D170,ずぶとい,0,0,0,0,0,1,0,1
536,197,ブラッキー,あく,,あやしいひかり,どくどく,だましうち,かげぶんしん,たべのこし,H170B170D170,ずぶとい,0,0,0,0,0,0,1,1
537,144,フリーザー,こおり,ひこう,れいとうビーム,みずのはどう,こごえるかぜ,ほえる,ラムのみ,C255 S255,ひかえめ,0,0,0,0,0,0,0,1
538,144,フリーザー,こおり,ひこう,れいとうビーム,からげんき,つばめがえし,まもる,ひかりのこな,A255C255,すなお,0,0,0,0,0,0,0,1
539,144,フリーザー,こおり,ひこう,れいとうビーム,つばめがえし,リフレクター,ねむる,カゴのみ,A255C256,すなお,0,0,0,0,0,0,0,1
540,144,フリーザー,こおり,ひこう,みがわり,どくどく,ふぶき,かげぶんしん,たべのこし,H170B170D170,わんぱく,0,0,0,0,0,0,0,1
541,144,フリーザー,こおり,ひこう,ふぶき,すてみタックル,ねむる,リフレクター,カゴのみ,A255C255,すなお,0,0,0,0,0,0,0,1
542,144,フリーザー,こおり,ひこう,ふぶき,すてみタックル,こうそくいどう,いばる,きあいのハチマキ,A255C255,すなお,0,0,0,0,0,0,0,1
543,153,ベイリーフ,くさ,,はっぱカッター,どくどく,しんぴのまもり,ひかりのかべ,ひかりのこな,H255C255,すなお,1,1,0,0,0,0,0,0
544,153,ベイリーフ,くさ,,ギガドレイン,のしかかり,くさぶえ,ねむる,カゴのみ,H170B170D170,すなお,0,0,1,0,0,0,0,0
545,88,ベトベター,どく,,ヘドロこうげき,がんせきふうじ,とける,ちいさくなる,モモンのみ,H170B170D170,きまぐれ,1,0,0,0,0,0,0,0
546,89,ベトベトン,どく,,ヘドロばくだん,のしかかり,いやなおと,ちいさくなる,どくバリ,H255A255,いじっぱり,0,0,0,1,0,0,0,1
547,89,ベトベトン,どく,,のろい,ねむる,ヘドロばくだん,ばくれつパンチ,カゴのみ,A255B255,がんばりや,0,0,0,0,1,0,0,1
548,89,ベトベトン,どく,,ヘドロばくだん,10まんボルト,かえんほうしゃ,れいとうパンチ,ラムのみ,B255C255,れいせい,0,0,0,0,0,1,0,1
549,89,ベトベトン,どく,,ヘドロばくだん,かわらわり,ギガドレイン,だいばくはつ,せんせいのツメ,A255B255,ゆうかん,0,0,0,0,0,0,1,1
550,214,ヘラクロス,むし,かくとう,メガホーン,かわらわり,がんせきふうじ,カウンター,きあいのハチマキ,A255B255,いじっぱり,0,0,0,1,0,0,0,1
551,214,ヘラクロス,むし,かくとう,メガホーン,じしん,メロメロ,ビルドアップ,ラムのみ,H255S255,ようき,0,0,0,0,1,0,0,1
552,214,ヘラクロス,むし,かくとう,メガホーン,じしん,いわなだれ,かわらわり,ひかりのこな,A255S255,いじっぱり,0,0,0,0,0,1,0,1
553,214,ヘラクロス,むし,かくとう,メガホーン,じしん,きしかいせい,こらえる,カムラのみ,A255S255,いじっぱり,0,0,0,0,0,0,1,1
554,279,ペリッパー,みず,ひこう,みずのはどう,つばめがえし,たくわえる,のみこむ,オボンのみ,H255D255,れいせい,0,1,0,0,0,0,0,0
555,279,ペリッパー,みず,ひこう,なみのり,ふぶき,つばめがえし,まもる,かいがらのすず,H255D255,れいせい,0,0,1,0,0,0,0,0
556,229,ヘルガー,ほのお,あく,かえんほうしゃ,シャドーボール,カウンター,おにび,きあいのハチマキ,A170C170S170,きまぐれ,0,0,0,1,0,0,0,1
557,229,ヘルガー,ほのお,あく,だいもんじ,かみくだく,ほえる,ねむる,ラムのみ,C255 S255,ひかえめ,0,0,0,0,1,0,0,1
558,229,ヘルガー,ほのお,あく,オーバーヒート,シャドーボール,ヘドロばくだん,すてみタックル,しろいハーブ,A255S255,きまぐれ,0,0,0,0,0,1,0,1
559,229,ヘルガー,ほのお,あく,オーバーヒート,ソーラービーム,かみくだく,にほんばれ,しろいハーブ,C255 S255,ひかえめ,0,0,0,0,0,0,1,1
560,53,ペルシアン,ノーマル,,ねこだまし,きりさく,いちゃもん,いばる,シルクのスカーフ,H170B170D170,きまぐれ,0,1,0,0,0,0,0,0
561,53,ペルシアン,ノーマル,,やつあたり,シャドーボール,ほえる,ねこだまし,シルクのスカーフ,H170B170D170,きまぐれ,0,0,1,0,0,0,0,0
562,108,ベロリンガ,ノーマル,,たたきつける,かわらわり,したでなめる,どろかけ,オボンのみ,H255A255,きまぐれ,1,1,0,0,0,0,0,0
563,108,ベロリンガ,ノーマル,,じしん,のしかかり,シャドーボール,いわなだれ,クラボのみ,A170B170D170,いじっぱり,0,0,1,0,0,0,0,0
564,321,ホエルオー,みず,,なみのり,こごえるかぜ,のしかかり,ほえる,かいがらのすず,H170B170D170,なまいき,0,0,0,1,0,0,0,1
565,321,ホエルオー,みず,,すてみタックル,ねむる,のろい,ドわすれ,カゴのみ,H170B170D170,いじっぱり,0,0,0,0,1,0,0,1
566,321,ホエルオー,みず,,ハイドロポンプ,じわれ,かげぶんしん,ねむる,カゴのみ,H170B170D170,ひかえめ,0,0,0,0,0,1,0,1
567,321,ホエルオー,みず,,なみのり,れいとうビーム,じしん,じわれ,せんせいのツメ,H170B170D170,がんばりや,0,0,0,0,0,0,1,1
568,320,ホエルコ,みず,,うずしお,ほえる,まるくなる,ころがる,のんきのおこう,B255D255,すなお,1,1,0,0,0,0,0,0
569,320,ホエルコ,みず,,しおふき,じしん,のしかかり,ねむる,カゴのみ,B255D255,すなお,0,0,1,0,0,0,0,0
570,373,ボーマンダ,ドラゴン,ひこう,ドラゴンクロー,つばめがえし,ずつき,いわなだれ,おうじゃのしるし,A255S255,がんばりや,0,0,0,1,0,0,0,1
571,373,ボーマンダ,ドラゴン,ひこう,すてみタックル,かみくだく,いばる,まもる,たべのこし,A170C170S170,がんばりや,0,0,0,0,1,0,0,1
572,373,ボーマンダ,ドラゴン,ひこう,すてみタックル,じしん,かみくだく,こらえる,カムラのみ,A255C255,がんばりや,0,0,0,0,0,1,0,1
573,373,ボーマンダ,ドラゴン,ひこう,すてみタックル,じしん,つばめがえし,りゅうのまい,ひかりのこな,H255A255,いじっぱり,0,0,0,0,0,0,1,1
574,373,ボーマンダ,ドラゴン,ひこう,かえんほうしゃ,ドラゴンクロー,かみくだく,かわらわり,ラムのみ,C255 S255,ひかえめ,0,0,0,0,0,0,0,1
575,373,ボーマンダ,ドラゴン,ひこう,かえんほうしゃ,ドラゴンクロー,かみくだく,メロメロ,たべのこし,C255 S255,ひかえめ,0,0,0,0,0,0,0,1
576,373,ボーマンダ,ドラゴン,ひこう,からげんき,じしん,いわなだれ,りゅうのまい,ひかりのこな,H170B170D170,いじっぱり,0,0,0,0,0,0,0,1
577,373,ボーマンダ,ドラゴン,ひこう,ずつき,つばめがえし,かみくだく,りゅうのまい,ラムのみ,H170B170D170,がんばりや,0,0,0,0,0,0,0,1
578,306,ボスゴドラ,はがね,いわ,アイアンテール,じしん,つばめがえし,ほえる,せんせいのツメ,H255A255,いじっぱり,0,0,0,1,0,0,0,1
579,306,ボスゴドラ,はがね,いわ,きあいパンチ,じしん,いわなだれ,でんじは,ピントレンズ,H255A255,いじっぱり,0,0,0,0,1,0,0,1
580,306,ボスゴドラ,はがね,いわ,なみのり,かみなり,だいもんじ,ふぶき,ひかりのこな,H255C255,ひかえめ,0,0,0,0,0,1,0,1
581,306,ボスゴドラ,はがね,いわ,すてみタックル,じしん,いわなだれ,つばめがえし,せんせいのツメ,H255A255,いじっぱり,0,0,0,0,0,0,1,1
582,77,ポニータ,ほのお,,ほのおのうず,とびはねる,でんこうせっか,しっぽをふる,チーゴのみ,H255A255,がんばりや,1,1,0,0,0,0,0,0
583,77,ポニータ,ほのお,,かえんほうしゃ,のしかかり,にどげり,かげぶんしん,オボンのみ,C255 S255,きまぐれ,0,0,1,0,0,0,0,0
584,188,ポポッコ,くさ,ひこう,メガドレイン,ねんりき,わたほうし,こうごうせい,キーのみ,H255C255,すなお,1,0,0,0,0,0,0,0
585,137,ポリゴン,ノーマル,,サイケこうせん,こごえるかぜ,リサイクル,こうそくいどう,オボンのみ,H255C255,のんき,1,1,0,0,0,0,0,0
586,137,ポリゴン,ノーマル,,トライアタック,サイコキネシス,でんじは,じこさいせい,クラボのみ,A255C255,れいせい,0,0,1,0,0,0,0,0
587,233,ポリゴン2,ノーマル,,サイコキネシス,10まんボルト,れいとうビーム,じこさいせい,ひかりのこな,H255C255,ひかえめ,0,0,0,0,0,0,1,1
588,233,ポリゴン2,ノーマル,,サイコキネシス,トライアタック,でんじは,じこさいせい,ラムのみ,H255C255,ひかえめ,0,0,0,0,0,1,0,1
589,233,ポリゴン2,ノーマル,,ソーラービーム,にほんばれ,でんじは,じこさいせい,ラムのみ,H255C255,ひかえめ,0,0,0,0,1,0,0,1
590,233,ポリゴン2,ノーマル,,トライアタック,つばめがえし,シャドーボール,じこさいせい,たべのこし,H255A255,いじっぱり,0,0,0,1,0,0,0,1
591,351,ポワルン,ノーマル,,ひのこ,みずのはどう,でんげきは,こごえるかぜ,ヤタピのみ,H255C255,せっかち,0,1,0,0,0,0,0,0
592,351,ポワルン,ノーマル,,10まんボルト,かえんほうしゃ,れいとうビーム,みずのはどう,のんきのおこう,H255C255,ひかえめ,0,0,1,0,0,0,0,0
593,312,マイナン,でんき,,スパーク,あまえる,アンコール,てだすけ,カムラのみ,H255B255,すなお,1,1,0,0,0,0,0,0
594,312,マイナン,でんき,,10まんボルト,メロメロ,あまえる,ねがいごと,カムラのみ,C255 S255,すなお,0,0,1,0,0,0,0,0
595,219,マグカルゴ,ほのお,いわ,いわなだれ,ひのこ,とける,すなあらし,のんきのおこう,H255D255,おとなしい,1,1,0,0,0,0,0,0
596,219,マグカルゴ,ほのお,いわ,オーバーヒート,じしん,いわなだれ,のしかかり,せんせいのツメ,H255D255,れいせい,0,0,1,0,0,0,0,0
597,156,マグマラシ,ほのお,,かえんぐるま,みだれひっかき,スピードスター,えんまく,きあいのハチマキ,H255C255,すなお,1,1,0,0,0,0,0,0
598,156,マグマラシ,ほのお,,かえんほうしゃ,ブレイククロー,のしかかり,えんまく,ひかりのこな,A255C255,すなお,0,0,1,0,0,0,0,0
599,110,マタドガス,どく,,ヘドロばくだん,おにび,シャドーボール,えんまく,ひかりのこな,H255A255,いじっぱり,0,0,0,1,0,0,0,1
600,110,マタドガス,どく,,おきみやげ,ヘドロばくだん,からげんき,みちづれ,オボンのみ,H255A255,いじっぱり,0,0,0,0,1,0,0,1
601,110,マタドガス,どく,,だいばくはつ,ヘドロばくだん,かえんほうしゃ,10まんボルト,きあいのハチマキ,A255C255,きまぐれ,0,0,0,0,0,1,0,1
602,110,マタドガス,どく,,だいばくはつ,ヘドロばくだん,やつあたり,シャドーボール,きあいのハチマキ,H255A255,いじっぱり,0,0,0,0,0,0,1,1
603,264,マッスグマ,ノーマル,,ひみつのちから,すなかけ,ほしがる,くすぐる,しろいハーブ,H255A255,いじっぱり,0,1,0,0,0,0,0,0
604,264,マッスグマ,ノーマル,,トリック,やつあたり,でんじは,すなかけ,こだわりハチマキ,A255S255,ようき,0,0,1,0,0,0,0,0
605,184,マリルリ,みず,,バブルこうせん,からげんき,あなをほる,まもる,オボンのみ,B255D255,すなお,1,1,0,0,0,0,0,0
606,184,マリルリ,みず,,メガトンキック,かわらわり,アイアンテール,あなをほる,かいがらのすず,H255D255,いじっぱり,0,0,1,0,0,0,0,0
607,317,マルノーム,どく,,たくわえる,のみこむ,はきだす,ヘドロこうげき,のんきのおこう,B255D255,きまぐれ,0,1,0,0,0,0,0,0
608,317,マルノーム,どく,,ヘドロばくだん,シャドーボール,のしかかり,カウンター,たべのこし,H255A255,いじっぱり,0,0,1,0,0,0,0,0
609,101,マルマイン,でんき,,10まんボルト,スピードスター,ひかりのかべ,まもる,きあいのハチマキ,H255C255,れいせい,0,0,0,1,0,0,0,1
610,101,マルマイン,でんき,,かみなり,あまごい,かげぶんしん,いばる,ひかりのこな,H170B170D170,ひかえめ,0,0,0,0,1,0,0,1
611,101,マルマイン,でんき,,だいばくはつ,10まんボルト,でんじは,こらえる,チイラのみ,A255C255,やんちゃ,0,0,0,0,0,1,0,1
612,101,マルマイン,でんき,,だいばくはつ,10まんボルト,でんじは,ミラーコート,ラムのみ,A255C255,やんちゃ,0,0,0,0,0,0,1,1
613,226,マンタイン,みず,,バブルこうせん,つばめがえし,あまごい,こごえるかぜ,しんぴのしずく,H255D255,すなお,0,1,0,0,0,0,0,0
614,226,マンタイン,みず,,なみのり,れいとうビーム,あまごい,あやしいひかり,かいがらのすず,H255B255,ひかえめ,0,0,1,0,0,0,0,0
615,241,ミルタンク,ノーマル,,からげんき,シャドーボール,カウンター,ミルクのみ,きあいのハチマキ,H170B170D170,しんちょう,0,0,0,1,0,0,0,1
616,241,ミルタンク,ノーマル,,きあいパンチ,シャドーボール,メロメロ,でんじは,たべのこし,H170A170D170,しんちょう,0,0,0,0,1,0,0,1
617,241,ミルタンク,ノーマル,,きしかいせい,こらえる,じしん,シャドーボール,カムラのみ,A255D255,いじっぱり,0,0,0,0,0,1,0,1
618,241,ミルタンク,ノーマル,,すてみタックル,のろい,かげぶんしん,ミルクのみ,ラムのみ,A255D255,いじっぱり,0,0,0,0,0,0,1,1
619,350,ミロカロス,みず,,ハイドロポンプ,こごえるかぜ,じこさいせい,ミラーコート,ラムのみ,H170B170C170,ひかえめ,0,0,0,1,0,0,0,1
620,350,ミロカロス,みず,,なみのり,れいとうビーム,しんぴのまもり,ミラーコート,きあいのハチマキ,H255C255,ひかえめ,0,0,0,0,1,0,0,1
621,350,ミロカロス,みず,,なみのり,ふぶき,メロメロ,じこさいせい,たべのこし,H170B170D170,ずぶとい,0,0,0,0,0,1,0,1
622,350,ミロカロス,みず,,なみのり,れいとうビーム,じこさいせい,ミラーコート,たべのこし,B170C170D170,ひかえめ,0,0,0,0,0,0,1,1
623,200,ムウマ,ゴースト,,いたみわけ,シャドーボール,あやしいひかり,でんじは,きあいのハチマキ,H255B255,わんぱく,0,0,0,1,0,0,0,1
624,200,ムウマ,ゴースト,,サイコキネシス,メロメロ,でんじは,あやしいひかり,たべのこし,B255C255,ずぶとい,0,0,0,0,1,0,0,1
625,200,ムウマ,ゴースト,,ほろびのうた,くろいまなざし,でんじは,あやしいひかり,ひかりのこな,H255B255,ずぶとい,0,0,0,0,0,1,0,1
626,200,ムウマ,ゴースト,,みちづれ,サイコキネシス,シャドーボール,10まんボルト,ラムのみ,C255 S255,おくびょう,0,0,0,0,0,0,1,1
627,154,メガニウム,くさ,,ソーラービーム,にほんばれ,ひかりのかべ,こうごうせい,ひかりのこな,H255C255,ひかえめ,0,0,0,1,0,0,0,1
628,154,メガニウム,くさ,,やどりぎのタネ,みがわり,かげぶんしん,くさぶえ,たべのこし,H170B170D170,おだやか,0,0,0,0,1,0,0,1
629,154,メガニウム,くさ,,じしん,じたばた,こらえる,ギガドレイン,カムラのみ,A255S255,ようき,0,0,0,0,0,1,0,1
630,154,メガニウム,くさ,,ギガドレイン,じしん,げんしのちから,のしかかり,ひかりのこな,H170A170C170,がんばりや,0,0,0,0,0,0,1,1
631,376,メタグロス,はがね,エスパー,コメットパンチ,つばめがえし,からげんき,ひかりのかべ,たべのこし,A170D170S170,いじっぱり,0,0,0,1,0,0,0,1
632,376,メタグロス,はがね,エスパー,じしん,コメットパンチ,じこあんじ,いばる,ラムのみ,H170D170S170,いじっぱり,0,0,0,0,1,0,0,1
633,376,メタグロス,はがね,エスパー,じしん,コメットパンチ,かげぶんしん,ねむる,カゴのみ,H170A170S170,いじっぱり,0,0,0,0,0,1,0,1
634,376,メタグロス,はがね,エスパー,コメットパンチ,サイコキネシス,じしん,シャドーボール,せんせいのツメ,A255C255,がんばりや,0,0,0,0,0,0,1,1
635,376,メタグロス,はがね,エスパー,だいばくはつ,じしん,いわなだれ,かわらわり,せんせいのツメ,H170A170S170,ようき,0,0,0,0,0,0,0,1
636,376,メタグロス,はがね,エスパー,コメットパンチ,サイコキネシス,れいとうパンチ,かみなりパンチ,ひかりのこな,A255C255,がんばりや,0,0,0,0,0,0,0,1
637,376,メタグロス,はがね,エスパー,じしん,シャドーボール,れいとうパンチ,かみなりパンチ,かいがらのすず,A255C255,がんばりや,0,0,0,0,0,0,0,1
638,376,メタグロス,はがね,エスパー,コメットパンチ,じしん,かわらわり,だいばくはつ,せんせいのツメ,H170A170S170,いじっぱり,0,0,0,0,0,0,0,1
639,375,メタング,はがね,エスパー,メタルクロー,ねんりき,おいうち,こわいかお,きあいのハチマキ,A255D255,がんばりや,0,1,0,0,0,0,0,0
640,375,メタング,はがね,エスパー,コメットパンチ,サイコキネシス,のしかかり,こわいかお,きあいのハチマキ,H255C255,きまぐれ,0,0,1,0,0,0,0,0
641,72,メノクラゲ,みず,どく,バブルこうせん,ようかいえき,バリアー,まきつく,モモンのみ,H170A170C170,がんばりや,1,0,0,0,0,0,0,0
642,180,モココ,でんき,,でんげきは,でんじは,わたほうし,ひかりのかべ,じしゃく,H255C255,おっとり,1,0,0,0,0,0,0,0
643,49,モルフォン,むし,どく,ぎんいろのかぜ,サイケこうせん,ねむりごな,スキルスワップ,キーのみ,H255S255,きまぐれ,0,1,0,0,0,0,0,0
644,49,モルフォン,むし,どく,シグナルビーム,サイコキネシス,ヘドロばくだん,ギガドレイン,ラムのみ,H255S255,すなお,0,0,1,0,0,0,0,0
645,114,モンジャラ,くさ,,メガドレイン,たたきつける,どくどく,しめつける,のんきのおこう,H255D255,がんばりや,0,1,0,0,0,0,0,0
646,114,モンジャラ,くさ,,ギガドレイン,しびれごな,ねむる,ドわすれ,カゴのみ,H255D255,おだやか,0,0,1,0,0,0,0,0
647,199,ヤドキング,みず,エスパー,サイコキネシス,かわらわり,ドわすれ,メロメロ,たべのこし,H255B255,れいせい,0,0,0,1,0,0,0,1
648,199,ヤドキング,みず,エスパー,あくび,でんじは,なみのり,サイコキネシス,かいがらのすず,B255C255,ひかえめ,0,0,0,0,1,0,0,1
649,199,ヤドキング,みず,エスパー,サイコキネシス,なみのり,れいとうビーム,じしん,せんせいのツメ,A170B170C170,れいせい,0,0,0,0,0,1,0,1
650,199,ヤドキング,みず,エスパー,サイコキネシス,なみのり,れいとうビーム,かえんほうしゃ,せんせいのツメ,B255C255,ひかえめ,0,0,0,0,0,0,1,1
651,80,ヤドラン,みず,エスパー,なみのり,あまごい,ずつき,れいとうパンチ,かいがらのすず,H255D255,れいせい,0,0,0,1,0,0,0,1
652,80,ヤドラン,みず,エスパー,なみのり,れいとうビーム,めいそう,あくび,たべのこし,A255D255,ひかえめ,0,0,0,0,1,0,0,1
653,80,ヤドラン,みず,エスパー,なみのり,サイコキネシス,シャドーボール,メロメロ,せんせいのツメ,C255D255,れいせい,0,0,0,0,0,1,0,1
654,80,ヤドラン,みず,エスパー,サイコキネシス,なみのり,じしん,れいとうビーム,せんせいのツメ,C255D255,なまいき,0,0,0,0,0,0,1,1
655,198,ヤミカラス,あく,ひこう,だましうち,そらをとぶ,いちゃもん,ちょうはつ,のんきのおこう,H170B170D170,きまぐれ,1,1,0,0,0,0,0,0
656,198,ヤミカラス,あく,ひこう,ほろびのうた,くろいまなざし,かげぶんしん,でんじは,ひかりのこな,H170B170D170,きまぐれ,0,0,1,0,0,0,0,0
657,302,ヤミラミ,あく,ゴースト,だましうち,あやしいひかり,はたきおとす,ねこだまし,くろいメガネ,H255A255,さみしがり,1,1,0,0,0,0,0,0
658,302,ヤミラミ,あく,ゴースト,シャドーボール,だましうち,あやしいひかり,じこさいせい,ラムのみ,H170A170C170,きまぐれ,0,0,1,0,0,0,0,0
659,288,ヤルキモノ,ノーマル,,きりさく,カウンター,アンコール,さわぐ,きあいのハチマキ,H255A255,さみしがり,0,1,0,0,0,0,0,0
660,288,ヤルキモノ,ノーマル,,ブレイククロー,きしかいせい,こらえる,シャドーボール,カムラのみ,A255D255,いじっぱり,0,0,1,0,0,0,0,0
661,193,ヤンヤンマ,むし,ひこう,シグナルビーム,つばめがえし,かげぶんしん,みきり,のんきのおこう,B255D255,のんき,1,0,0,0,0,0,0,0
662,346,ユレイドル,くさ,いわ,ギガドレイン,いわなだれ,バリア,あやしいひかり,たべのこし,H170B170D170,のんき,0,0,0,1,0,0,0,1
663,346,ユレイドル,くさ,いわ,じしん,げんしのちから,いばる,じこあんじ,オボンのみ,H255A255,いじっぱり,0,0,0,0,1,0,0,1
664,346,ユレイドル,くさ,いわ,みがわり,ソーラービーム,にほんばれ,じこさいせい,たべのこし,B170C170D17,ひかえめ0,0,0,0,0,0,1,0,1
665,346,ユレイドル,くさ,いわ,どくどく,ねをはる,ミラーコート,ギガドレイン,たべのこし,H170B170D170,ずぶとい,0,0,0,0,0,0,1,1
666,64,ユンゲラー,エスパー,,ねんりき,なりきり,みらいよち,かなしばり,まがったスプーン,H255B255,わんぱく,1,1,0,0,0,0,0,0
667,64,ユンゲラー,エスパー,,サイコキネシス,でんじは,リフレクター,じこさいせい,まがったスプーン,H255B255,ひかえめ,0,0,1,0,0,0,0,0
668,164,ヨルノズク,ノーマル,ひこう,ねんりき,つばめがえし,だましうち,リフレクター,キーのみ,H255B255,のんき,0,1,0,0,0,0,0,0
669,164,ヨルノズク,ノーマル,ひこう,サイコキネシス,だましうち,つばめがえし,リフレクター,キーのみ,B255C255,れいせい,0,0,1,0,0,0,0,0
670,243,ライコウ,でんき,,10まんボルト,でんじは,めいそう,ねむる,カゴのみ,C255 S255,ひかえめ,0,0,0,0,0,0,0,1
671,243,ライコウ,でんき,,10まんボルト,でんじは,でんこうせっか,ほえる,おうじゃのしるし,C255 S255,ひかえめ,0,0,0,0,0,0,0,1
672,243,ライコウ,でんき,,10まんボルト,かみつく,でんじは,リフレクター,ラムのみ,C255 S255,ひかえめ,0,0,0,0,0,0,0,1
673,243,ライコウ,でんき,,10まんボルト,すてみタックル,ほえる,リフレクター,ひかりのこな,C255S255,ひかえめ,0,0,0,0,0,0,0,1
674,243,ライコウ,でんき,,10まんボルト,めいそう,みがわり,ねむる,カゴのみ,H255B255,ひかえめ,0,0,0,0,0,0,0,1
675,243,ライコウ,でんき,,かみなり,あまごい,かげぶんしん,リフレクター,ひかりのこな,C255 S255,ひかえめ,0,0,0,0,0,0,0,1
676,26,ライチュウ,でんき,,10まんボルト,でんこうせっか,ひかりのかべ,かげぶんしん,ひかりのこな,B170C170S170,ひかえめ,0,0,0,1,0,0,0,1
677,26,ライチュウ,でんき,,10まんボルト,きしかいせい,こらえる,こうそくいどう,ラムのみ,A255S255,いじっぱり,0,0,0,0,1,0,0,1
678,26,ライチュウ,でんき,,かみなり,あまごい,アイアンテール,メロメロ,クラボのみ,C255 S255,すなお,0,0,0,0,0,1,0,1
679,26,ライチュウ,でんき,,10まんボルト,でんじは,まもる,メガトンキック,ひかりのこな,A255C255,すなお,0,0,0,0,0,0,1,1
680,310,ライボルト,でんき,,10まんボルト,フラッシュ,でんこうせっか,ほえる,じしゃく,C255 S255,ひかえめ,0,0,0,1,0,0,0,1
681,310,ライボルト,でんき,,かみなり,あまごい,かみくだく,ほえる,ヤタピのみ,C255 S255,ひかえめ,0,0,0,0,1,0,0,1
682,310,ライボルト,でんき,,10まんボルト,アイアンテール,でんじは,ほえる,ラムのみ,C255 S255,きまぐれ,0,0,0,0,0,1,0,1
683,310,ライボルト,でんき,,10まんボルト,かみくだく,でんじは,ほえる,ラムのみ,C255 S255,ひかえめ,0,0,0,0,0,0,1,1
684,260,ラグラージ,みず,じめん,じしん,カウンター,ねむる,のろい,ラムのみ,H170B170D170,いじっぱり,0,0,0,1,0,0,0,1
685,260,ラグラージ,みず,じめん,なみのり,じしん,カウンター,ミラーコート,せんせいのツメ,H170B170D170,すなお,0,0,0,0,1,0,0,1
686,260,ラグラージ,みず,じめん,なみのり,じしん,れいとうビーム,カウンター,かいがらのすず,A255C255,ゆうかん,0,0,0,0,0,1,0,1
687,260,ラグラージ,みず,じめん,なみのり,じしん,れいとうビーム,ミラーコート,かいがらのすず,A255C255,れいせい,0,0,0,0,0,0,1,1
688,113,ラッキー,ノーマル,,ゆびをふる,リフレッシュ,まるくなる,ちいさくなる,オボンのみ,B255D255,のんき,0,1,0,0,0,0,0,0
689,113,ラッキー,ノーマル,,ちきゅうなげ,シャドーボール,かげぶんしん,タマゴうみ,たべのこし,B255D255,のんき,0,0,1,0,0,0,0,0
690,20,ラッタ,ノーマル,,がむしゃら,おいうち,こわいかお,でんこうせっか,シルクのスカーフ,H170A170S170,むじゃき,1,1,0,0,0,0,0,0
691,20,ラッタ,ノーマル,,いかりのまえば,ひっさつまえば,シャドーボール,こわいかお,きあいのハチマキ,A255S255,いじっぱり,0,0,1,0,0,0,0,0
692,380,ラティアス,ドラゴン,エスパー,サイコキネシス,10まんボルト,れいとうビーム,ドラゴンクロー,ラムのみ,H255C255,ひかえめ,0,0,0,0,0,0,0,1
693,380,ラティアス,ドラゴン,エスパー,サイコキネシス,10まんボルト,れいとうビーム,じしん,せんせいのツメ,A255C255,すなお,0,0,0,0,0,0,0,1
694,380,ラティアス,ドラゴン,エスパー,サイコキネシス,シャドーボール,じしん,つばめがえし,おうじゃのしるし,A170C170S170,すなお,0,0,0,0,0,0,0,1
695,380,ラティアス,ドラゴン,エスパー,じしん,シャドーボール,いばる,じこあんじ,たべのこし,H255B255,いじっぱり,0,0,0,0,0,0,0,1
696,380,ラティアス,ドラゴン,エスパー,ドラゴンクロー,10まんボルト,れいとうビーム,じしん,きあいのハチマキ,A255C255,すなお,0,0,0,0,0,0,0,1
697,380,ラティアス,ドラゴン,エスパー,ドラゴンクロー,でんじは,めいそう,じこさいせい,ひかりのこな,H170B170D170,ひかえめ,0,0,0,0,0,0,0,1
698,380,ラティアス,ドラゴン,エスパー,ミストボール,シャドーボール,あまえる,リフレクター,たべのこし,H170A170C170,すなお,0,0,0,0,0,0,0,1
699,380,ラティアス,ドラゴン,エスパー,ミストボール,ドラゴンクロー,メロメロ,でんじは,かいがらのすず,H255C255,ひかえめ,0,0,0,0,0,0,0,1
700,381,ラティオス,ドラゴン,エスパー,サイコキネシス,10まんボルト,れいとうビーム,ドラゴンクロー,ラムのみ,H255C255,ひかえめ,0,0,0,0,0,0,0,1
701,381,ラティオス,ドラゴン,エスパー,サイコキネシス,10まんボルト,れいとうビーム,じしん,せんせいのツメ,A255C255,すなお,0,0,0,0,0,0,0,1
702,381,ラティオス,ドラゴン,エスパー,サイコキネシス,シャドーボール,じしん,つばめがえし,おうじゃのしるし,A170C170S170,すなお,0,0,0,0,0,0,0,1
703,381,ラティオス,ドラゴン,エスパー,じしん,シャドーボール,りゅうのまい,じこさいせい,ひかりのこな,H255B255,いじっぱり,0,0,0,0,0,0,0,1
704,381,ラティオス,ドラゴン,エスパー,ドラゴンクロー,10まんボルト,れいとうビーム,じしん,きあいのハチマキ,A255C255,すなお,0,0,0,0,0,0,0,1
705,381,ラティオス,ドラゴン,エスパー,ドラゴンクロー,でんじは,めいそう,じこさいせい,ひかりのこな,H170B170D170,ひかえめ,0,0,0,0,0,0,0,1
706,381,ラティオス,ドラゴン,エスパー,ラスターパージ,10まんボルト,れいとうビーム,ドラゴンクロー,ラムのみ,H255C255,ひかえめ,0,0,0,0,0,0,0,1
707,381,ラティオス,ドラゴン,エスパー,ラスターパージ,シャドーボール,ドラゴンクロー,でんじは,かいがらのすず,A255C255,すなお,0,0,0,0,0,0,0,1
708,370,ラブカス,みず,,てんしのキッス,メロメロ,ダイビング,あまごい,せんせいのツメ,H255C255,のんき,1,0,0,0,0,0,0,0
709,131,ラプラス,みず,こおり,なみのり,メロメロ,あやしいひかり,うたう,たべのこし,B255D255,ずぶとい,0,0,0,1,0,0,0,1
710,131,ラプラス,みず,こおり,なみのり,れいとうビーム,のしかかり,ほえる,せんせいのツメ,C255 S255,おくびょう,0,0,0,0,1,0,0,1
711,131,ラプラス,みず,こおり,すてみタックル,サイコキネシス,あやしいひかり,りゅうのまい,ひかりのこな,H170B170D170,すなお,0,0,0,0,0,1,0,1
712,131,ラプラス,みず,こおり,なみのり,れいとうビーム,10まんボルト,サイコキネシス,ラムのみ,H255C255,ひかえめ,0,0,0,0,0,0,1,1
713,131,ラプラス,みず,こおり,サイコキネシス,10まんボルト,アイアンテール,すてみタックル,かいがらのすず,A255C255,すなお,0,0,0,0,0,0,0,1
714,131,ラプラス,みず,こおり,ハイドロポンプ,かみなり,あまごい,ふぶき,ひかりのこな,H255C255,ひかえめ,0,0,0,0,0,0,0,1
715,131,ラプラス,みず,こおり,ぜったいれいど,つのドリル,ねむる,ねごと,ヒメリのみ,H170B170D170,おだやか,0,0,0,0,0,0,0,1
716,131,ラプラス,みず,こおり,ぜったいれいど,つのドリル,うたう,メロメロ,せんせいのツメ,H170B170D170,おだやか,0,0,0,0,0,0,0,1
717,45,ラフレシア,くさ,どく,ヘドロばくだん,はなびらのまい,つきのひかり,アロマセラピー,キーのみ,H255A255,わんぱく,0,0,0,1,0,0,0,1
718,45,ラフレシア,くさ,どく,ねをはる,かげぶんしん,どくどく,ギガドレイン,ひかりのこな,H170B170D170,ずぶとい,0,0,0,0,1,0,0,1
719,45,ラフレシア,くさ,どく,メロメロ,しびれごな,ヘドロばくだん,ギガドレイン,たべのこし,A255C255,きまぐれ,0,0,0,0,0,1,0,1
720,45,ラフレシア,くさ,どく,ソーラービーム,ヘドロばくだん,にほんばれ,こうごうせい,せんせいのツメ,A255C255,れいせい,0,0,0,0,0,0,1,1
721,171,ランターン,みず,でんき,なみのり,あやしいひかり,メロメロ,でんじは,クラボのみ,B255C25,れいせい,0,0,0,1,0,0,0,1
722,171,ランターン,みず,でんき,じたばた,こらえる,10まんボルト,なみのり,カムラのみ,A255C255,すなお,0,0,0,0,1,0,0,1
723,171,ランターン,みず,でんき,ハイドロポンプ,かみなり,あやしいひかり,あまごい,ひかりのこな,C255 S255,ひかえめ,0,0,0,0,0,1,0,1
724,171,ランターン,みず,でんき,なみのり,10まんボルト,れいとうビーム,あやしいひかり,ラムのみ,C255 S255,ひかえめ,0,0,0,0,0,0,1,1
725,5,リザード,ほのお,,きりさく,ほのおのうず,つるぎのまい,つばめがえし,ピントレンズ,H255A255,やんちゃ,1,1,0,0,0,0,0,0
726,5,リザード,ほのお,,かえんほうしゃ,きりさく,げんしのちから,りゅうのいかり,ピントレンズ,A255S255,がんばりや,0,0,1,0,0,0,0,0
727,6,リザードン,ほのお,ひこう,だいもんじ,にほんばれ,ほえる,こわいかお,きあいのハチマキ,C255 S255,ひかえめ,0,0,0,1,0,0,0,1
728,6,リザードン,ほのお,ひこう,じしん,つばめがえし,りゅうのまい,えんまく,ひかりのこな,A255S255,いじっぱり,0,0,0,0,1,0,0,1
729,6,リザードン,ほのお,ひこう,かえんほうしゃ,ドラゴンクロー,かみつく,かわらわり,ラムのみ,C255 S255,ひかえめ,0,0,0,0,0,1,0,1
730,6,リザードン,ほのお,ひこう,オーバーヒート,じしん,つばめがえし,いわなだれ,しろいハーブ,A170C170S170,がんばりや,0,0,0,0,0,0,1,1
731,345,リリーラ,くさ,いわ,げんしのちから,ようかいえき,ねをはる,あやしいひかり,のんきのおこう,H255A255,すなお,1,0,0,0,0,0,0,0
732,217,リングマ,ノーマル,,メガトンキック,かみくだく,つばめがえし,カウンター,せんせいのツメ,H170A170C170,すなお,0,0,0,1,0,0,0,1
733,217,リングマ,ノーマル,,すてみタックル,じしん,かわらわり,カウンター,せんせいのツメ,H255A255,いじっぱり,0,0,0,0,1,0,0,1
734,217,リングマ,ノーマル,,ほのおのパンチ,かみなりパンチ,れいとうパンチ,かみくだく,ラムのみ,H170C170S170,ひかえめ,0,0,0,0,0,1,0,1
735,217,リングマ,ノーマル,,すてみタックル,じしん,いわなだれ,つばめがえし,ひかりのこな,H255A255,いじっぱり,0,0,0,0,0,0,1,1
736,217,リングマ,ノーマル,,メガトンキック,つばめがえし,いわなだれ,かわらわり,こだわりハチマキ,H255A255,いじっぱり,0,0,0,0,0,0,0,1
737,217,リングマ,ノーマル,,はかいこうせん,あくび,つるぎのまい,かげぶんしん,きあいのハチマキ,H255A255,いじっぱり,0,0,0,0,0,0,0,1
738,217,リングマ,ノーマル,,からげんき,じしん,かみくだく,ビルドアップ,せんせいのツメ,H170A170C170,すなお,0,0,0,0,0,0,0,1
739,217,リングマ,ノーマル,,からげんき,じしん,かみくだく,かわらわり,せんせいのツメ,H170A170C170,すなお,0,0,0,0,0,0,0,1
740,124,ルージュラ,エスパー,こおり,れいとうビーム,ねこだまし,あくまのキッス,メロメロ,かいがらのすず,H255C255,ひかえめ,0,0,0,1,0,0,0,1
741,124,ルージュラ,エスパー,こおり,ほろびのうた,くろいまなざし,あくまのキッス,まもる,ひかりのこな,H255B255,わんぱく,0,0,0,0,1,0,0,1
742,124,ルージュラ,エスパー,こおり,ゆめくい,あくまのキッス,メロメロ,みがわり,せんせいのツメ,H255B255,がんばりや,0,0,0,0,0,1,0,1
743,124,ルージュラ,エスパー,こおり,サイコキネシス,れいとうビーム,あくまのキッス,うそなき,ラムのみ,H255C255,ひかえめ,0,0,0,0,0,0,1,1
744,337,ルナトーン,いわ,エスパー,ねんりき,コスモパワー,ひかりのかべ,すなあらし,オボンのみ,H255B255,れいせい,0,1,0,0,0,0,0,0
745,337,ルナトーン,いわ,エスパー,サイコキネシス,れいとうビーム,コスモパワー,めいそう,のんきのおこう,H255B255,れいせい,0,0,1,0,0,0,0,0
746,272,ルンパッパ,みず,くさ,なみのり,あまごい,かみなりパンチ,ほのおのパンチ,かいがらのすず,H170B170C17,れいせい,0,0,0,1,0,0,0,1
747,272,ルンパッパ,みず,くさ,なみのり,れいとうビーム,かみなりパンチ,ほのおのパンチ,かいがらのすず,H255C255,ひかえめ,0,0,0,0,1,0,0,1
748,272,ルンパッパ,みず,くさ,やどりぎのタネ,あまごい,かげぶんしん,ギガドレイン,たべのこし,H170B170D170,ずぶとい,0,0,0,0,0,1,0,1
749,272,ルンパッパ,みず,くさ,やどりぎのタネ,あまごい,かげぶんしん,どくどく,たべのこし,H170B170D170,ずぶとい,0,0,0,0,0,0,1,1
750,82,レアコイル,でんき,はがね,でんげきは,ソニックブーム,でんじは,ちょうおんぱ,クラボのみ,C255 S255,さみしがり,0,1,0,0,0,0,0,0
751,82,レアコイル,でんき,はがね,かみなり,あまごい,でんじは,きんぞくおん,ラムのみ,H255D255,がんばりや,0,0,1,0,0,0,0,0
752,378,レジアイス,こおり,,れいとうビーム,10まんボルト,ドわすれ,ねむる,カゴのみ,H255C255,ひかえめ,0,0,0,0,0,0,0,1
753,378,レジアイス,こおり,,れいとうビーム,10まんボルト,でんじは,だいばくはつ,ラムのみ,H255C255,れいせい,0,0,0,0,0,0,0,1
754,378,レジアイス,こおり,,れいとうビーム,あられ,かげぶんしん,でんじは,たべのこし,H255B255,ずぶとい,0,0,0,0,0,0,0,1
755,378,レジアイス,こおり,,れいとうビーム,10まんボルト,ねごと,ねむる,カゴのみ,H255C255,ひかえめ,0,0,0,0,0,0,0,1
756,378,レジアイス,こおり,,じしん,れいとうビーム,のろい,カウンター,たべのこし,H170B170C170,ゆうかん,0,0,0,0,0,0,0,1
757,378,レジアイス,こおり,,かみなり,あまごい,ふぶき,かわらわり,ひかりのこな,H255C255,れいせい,0,0,0,0,0,0,0,1
758,379,レジスチル,はがね,,メタルクロー,のろい,ドわすれ,ねむる,カゴのみ,H255A255,いじっぱり,0,0,0,0,0,0,0,1
759,379,レジスチル,はがね,,ばかぢから,つばめがえし,いばる,じこあんじ,しろいハーブ,H170B170D170,いじっぱり,0,0,0,0,0,0,0,1
760,379,レジスチル,はがね,,げんしのちから,ドわすれ,カウンター,だいばくはつ,せんせいのツメ,H170B170D170,いじっぱり,0,0,0,0,0,0,0,1
761,379,レジスチル,はがね,,げんしのちから,じしん,かげぶんしん,でんじは,たべのこし,H170B170D170,わんぱく,0,0,0,0,0,0,0,1
762,379,レジスチル,はがね,,きあいパンチ,みがわり,どくどく,かげぶんしん,たべのこし,H170B170D170,いじっぱり,0,0,0,0,0,0,0,1
763,379,レジスチル,はがね,,10まんボルト,れいとうパンチ,じしん,つばめがえし,ひかりのこな,H170A170C170,れいせい,0,0,0,0,0,0,0,1
764,377,レジロック,いわ,,いばる,じこあんじ,いわなだれ,だいばくはつ,ひかりのこな,H255D255,いじっぱり,0,0,0,0,0,0,0,1
765,377,レジロック,いわ,,いわなだれ,じしん,のろい,ねむる,カゴのみ,H255D255,いじっぱり,0,0,0,0,0,0,0,1
766,377,レジロック,いわ,,いわなだれ,かわらわり,かげぶんしん,でんじは,たべのこし,H170A170D170,しんちょう,0,0,0,0,0,0,0,1
767,377,レジロック,いわ,,じしん,いわなだれ,カウンター,だいばくはつ,せんせいのツメ,H255A255,いじっぱり,0,0,0,0,0,0,0,1
768,377,レジロック,いわ,,はかいこうせん,きあいパンチ,いわなだれ,かげぶんしん,せんせいのツメ,H255A255,いじっぱり,0,0,0,0,0,0,0,1
769,377,レジロック,いわ,,ばかぢから,じしん,いわなだれ,だいばくはつ,しろいハーブ,H255A255,いじっぱり,0,0,0,0,0,0,0,1
770,166,レディアン,むし,ひこう,れんぞくパンチ,バトンタッチ,つるぎのまい,こうそくいどう,きあいのハチマキ,A255S255,てれや,1,0,0,0,0,0,0,0
771,315,ロゼリア,くさ,どく,マジカルリーフ,どくどく,くさぶえ,わたほうし,モモンのみ,H255B255,すなお,1,1,0,0,0,0,0,0
772,315,ロゼリア,くさ,どく,ギガドレイン,ヘドロばくだん,くさぶえ,こうごうせい,せんせいのツメ,H255B255,すなお,0,0,1,0,0,0,0,0
773,256,ワカシャモ,ほのお,かくとう,ひのこ,にどげり,でんこうせっか,すなかけ,ピントレンズ,A255C255,すなお,1,1,0,0,0,0,0,0
774,256,ワカシャモ,ほのお,かくとう,かえんほうしゃ,スカイアッパー,きりさく,すなかけ,ピントレンズ,A170C170S170,すなお,0,0,1,0,0,0,0,0
775,189,ワタッコ,くさ,ひこう,つばめがえし,いばる,じこあんじ,こうごうせい,のんきのおこう,H255S255,すなお,0,1,0,0,0,0,0,0
776,189,ワタッコ,くさ,ひこう,やどりぎのタネ,ねむりごな,ギガドレイン,かげぶんしん,たべのこし,B255D255,ずぶとい,0,0,1,0,0,0,0,0